CAS Number,Chemical Name,Species Common Name,Effect,Effect Measurement,Endpoint,Year,Records,Citation,,,Citation
115093,Methylmercury chloride,Mummichog,Reproduction,"Reproduction, general",NR,1987,1,"Khan,A.T., and J.S. Weis (1987). Effect of Methylmercury on Egg and Juvenile Viability in Two Populations of Killifish Fundulus heteroclitus. Environ. Res., 44, 272-278. doi:10.1016/S0013-9351(87)80236-0. ECOREF#:5602",,,"Khan,A.T., and J.S. Weis (1987). Effect of Methylmercury on Egg and Juvenile Viability in Two Populations of Killifish Fundulus heteroclitus. Environ. Res., 44, 272-278. doi:10.1016/S0013-9351(87)80236-0. ECOREF#:5602"
115093,Methylmercury chloride,Mummichog,Reproduction,Fertility,NOEC,2001,1,"Matta,M.B., J. Linse, C. Cairncross, L. Francendese, and R.M. Kocan (2001). Reproductive and Transgenerational Effects of Methylmercury or Aroclor 1268 on Fundulus heteroclitus. Environ. Toxicol. Chem., 20, (2), 327-335. doi:10.1002/etc.5620200213. ECOREF#:56679",,,"Matta,M.B., J. Linse, C. Cairncross, L. Francendese, and R.M. Kocan (2001). Reproductive and Transgenerational Effects of Methylmercury or Aroclor 1268 on Fundulus heteroclitus. Environ. Toxicol. Chem., 20, (2), 327-335. doi:10.1002/etc.5620200213. ECOREF#:56679"
115093,Methylmercury chloride,Mummichog,Reproduction,Fecundity,NOEC,2001,1,"Matta,M.B., J. Linse, C. Cairncross, L. Francendese, and R.M. Kocan (2001). Reproductive and Transgenerational Effects of Methylmercury or Aroclor 1268 on Fundulus heteroclitus. Environ. Toxicol. Chem., 20, (2), 327-335. doi:10.1002/etc.5620200213. ECOREF#:56679",,,"Renfro,J.L., B. Schmidt-Nielsen, D. Miller, D. Benos, and J. Allen (1974). Methyl Mercury and Inorganic Mercury:  Uptake, Distribution, and Effect on Osmoregulatory Mechanisms in Fishes. In: F.J.Vernberg and W.B.Vernberg (Eds.), Pollution and Physiology of Mar.Organisms, Acad.Press, NY, 101-122. ECOREF#:8685"
115093,Methylmercury chloride,Mummichog,Physiology,Sodium uptake,NR,1974,1,"Renfro,J.L., B. Schmidt-Nielsen, D. Miller, D. Benos, and J. Allen (1974). Methyl Mercury and Inorganic Mercury:  Uptake, Distribution, and Effect on Osmoregulatory Mechanisms in Fishes. In: F.J.Vernberg and W.B.Vernberg (Eds.), Pollution and Physiology of Mar.Organisms, Acad.Press, NY, 101-122. ECOREF#:8685",,,"Khan,A.T., and J.S. Weis (1993). Differential Effects of Organic and Inorganic Mercury on the Micropyle of the Eggs of Fundulus heteroclitus. Environ. Biol. Fishes, 37, (3), 323-327. doi:10.1007/BF00004640. ECOREF#:14008"
115093,Methylmercury chloride,Mummichog,Physiology,"Physiology, general",NR,1993,1,"Khan,A.T., and J.S. Weis (1993). Differential Effects of Organic and Inorganic Mercury on the Micropyle of the Eggs of Fundulus heteroclitus. Environ. Biol. Fishes, 37, (3), 323-327. doi:10.1007/BF00004640. ECOREF#:14008",,,"Sharp,J.R., and J.M. Neff (1982). The Toxicity of Mercuric Chloride and Methylmercuric Chloride to Fundulus heteroclitus Embryos in Relation to Exposure Conditions. Environ. Biol. Fishes, 7, (3), 277-284. doi:10.1007/BF00002502. ECOREF#:10517"
115093,Methylmercury chloride,Mummichog,Physiology,"Physiology, general",NR,1974,1,"Renfro,J.L., B. Schmidt-Nielsen, D. Miller, D. Benos, and J. Allen (1974). Methyl Mercury and Inorganic Mercury:  Uptake, Distribution, and Effect on Osmoregulatory Mechanisms in Fishes. In: F.J.Vernberg and W.B.Vernberg (Eds.), Pollution and Physiology of Mar.Organisms, Acad.Press, NY, 101-122. ECOREF#:8685",,,"Weis,P., and J.S. Weis (1977). Methylmercury Teratogenesis in the Killifish, Fundulus heteroclitus. Teratology, 16, (3), 317-326. doi:10.1002/tera.1420160311. ECOREF#:7712"
115093,Methylmercury chloride,Mummichog,Mortality,Survival,NOEC,2001,2,"Matta,M.B., J. Linse, C. Cairncross, L. Francendese, and R.M. Kocan (2001). Reproductive and Transgenerational Effects of Methylmercury or Aroclor 1268 on Fundulus heteroclitus. Environ. Toxicol. Chem., 20, (2), 327-335. doi:10.1002/etc.5620200213. ECOREF#:56679",,,"Khan,A.T., and J.S. Weis (1994). Effects of Embryonic Pre-Exposure to Mercury on Larval Tolerance in Two Populations of Killifish (Fundulus heteroclitus). Environ. Sci. (Tokyo), 2, (4), 201-207. ECOREF#:16895"
115093,Methylmercury chloride,Mummichog,Mortality,Survival,LOEC,2001,1,"Matta,M.B., J. Linse, C. Cairncross, L. Francendese, and R.M. Kocan (2001). Reproductive and Transgenerational Effects of Methylmercury or Aroclor 1268 on Fundulus heteroclitus. Environ. Toxicol. Chem., 20, (2), 327-335. doi:10.1002/etc.5620200213. ECOREF#:56679",,,"Weis,P., and J.S. Weis (1983). Effects of Embryonic Pre-Exposure to Methylmercury and HG2+ on Larval Tolerance in Fundulus heteroclitus. Bull. Environ. Contam. Toxicol., 31(5), 530-534. doi:10.1007/BF01605470. ECOREF#:10136"
115093,Methylmercury chloride,Mummichog,Mortality,Mortality,NR,1982,11,"Sharp,J.R., and J.M. Neff (1982). The Toxicity of Mercuric Chloride and Methylmercuric Chloride to Fundulus heteroclitus Embryos in Relation to Exposure Conditions. Environ. Biol. Fishes, 7, (3), 277-284. doi:10.1007/BF00002502. ECOREF#:10517",,,"Weis,P., and J.S. Weis (1980). Effect of Zinc on Fin Regeneration in the Mummichog Fundulus heteroclitus, and its Interaction with Methylmercury. Fish. Bull., 78, (1), 163-166. ECOREF#:9922"
115093,Methylmercury chloride,Mummichog,Mortality,Mortality,NR,1977,29,"Weis,P., and J.S. Weis (1977). Methylmercury Teratogenesis in the Killifish, Fundulus heteroclitus. Teratology, 16, (3), 317-326. doi:10.1002/tera.1420160311. ECOREF#:7712",,,"Weis,J.S., and P. Weis (1995). Effects of Embryonic Exposure to Methylmercury on Larval Prey-Capture Ability in the Mummichog, Fundulus heteroclitus. Environ. Toxicol. Chem., 14, (1), 153-156. ECOREF#:13726"
115093,Methylmercury chloride,Mummichog,Mortality,Mortality,LT50,1994,4,"Khan,A.T., and J.S. Weis (1994). Effects of Embryonic Pre-Exposure to Mercury on Larval Tolerance in Two Populations of Killifish (Fundulus heteroclitus). Environ. Sci. (Tokyo), 2, (4), 201-207. ECOREF#:16895",,,"Weis,J.S., P. Weis, and J.L. Ricci (1981). Effects of Cadmium, Zinc, Salinity, and Temperature on the Teratogenicity of Methylmercury to the Killifish (Fundulus heteroclitus). Rapp. P. V. Reun. Comm. Int. Explor. Sci. Mer Mediterr. (Multiple Languages), 178, 64-70. ECOREF#:11419"
115093,Methylmercury chloride,Mummichog,Mortality,Mortality,LT50,1983,1,"Weis,P., and J.S. Weis (1983). Effects of Embryonic Pre-Exposure to Methylmercury and HG2+ on Larval Tolerance in Fundulus heteroclitus. Bull. Environ. Contam. Toxicol., 31(5), 530-534. doi:10.1007/BF01605470. ECOREF#:10136",,,"Zhou,T., R. Scali, P. Weis, and J.S. Weis (1996). Behavioral Effects in Mummichog Larvae (Fundulus heteroclitus) Following Embryonic Exposure to Methylmercury. Mar. Environ. Res., 42, (1-4), 45-49. doi:10.1016/0141-1136(95)00048-8. ECOREF#:18706"
115093,Methylmercury chloride,Mummichog,Mortality,Mortality,LC50,1994,2,"Khan,A.T., and J.S. Weis (1994). Effects of Embryonic Pre-Exposure to Mercury on Larval Tolerance in Two Populations of Killifish (Fundulus heteroclitus). Environ. Sci. (Tokyo), 2, (4), 201-207. ECOREF#:16895",,,"Zhou,T., and J.S. Weis (1998). Swimming Behavior and Predator Avoidance in Three Populations of Fundulus heteroclitus Larvae After Embryonic and/or Larval Exposure to Methylmercury. Aquat. Toxicol., 43, (2/3), 131-148. doi:10.1016/S0166-445X(98)00052-6. ECOREF#:19282"
115093,Methylmercury chloride,Mummichog,Mortality,Mortality,LC50,1987,2,"Khan,A.T., and J.S. Weis (1987). Effect of Methylmercury on Egg and Juvenile Viability in Two Populations of Killifish Fundulus heteroclitus. Environ. Res., 44, 272-278. doi:10.1016/S0013-9351(87)80236-0. ECOREF#:5602",,,"Sheline,J., and B. Schmidt-Nielsen (1977). Methylmercury-Selenium: Interaction in the Killifish, Fundulus heteroclitus. In: F.J.Vernberg (Ed.), Physiological Responses of Marine Biota to Pollutants, Academic Press, NY, 119-130. ECOREF#:14107"
115093,Methylmercury chloride,Mummichog,Mortality,Mortality,LC50,1982,4,"Sharp,J.R., and J.M. Neff (1982). The Toxicity of Mercuric Chloride and Methylmercuric Chloride to Fundulus heteroclitus Embryos in Relation to Exposure Conditions. Environ. Biol. Fishes, 7, (3), 277-284. doi:10.1007/BF00002502. ECOREF#:10517",,,"Jackim,E., J.M. Hamlin, and S. Sonis (1970). Effects of Metal Poisoning on Five Liver Enzymes in the Killifish (Fundulus heteroclitus). J. Fish. Res. Board Can., 27, (2), 383-390. doi:10.1139/f70-043. ECOREF#:9700"
115093,Methylmercury chloride,Mummichog,Growth,Weight,NOEC,2001,1,"Matta,M.B., J. Linse, C. Cairncross, L. Francendese, and R.M. Kocan (2001). Reproductive and Transgenerational Effects of Methylmercury or Aroclor 1268 on Fundulus heteroclitus. Environ. Toxicol. Chem., 20, (2), 327-335. doi:10.1002/etc.5620200213. ECOREF#:56679",,,"Thomas,A. (1915). Effects of Certain Metallic Salts upon Fishes. Trans. Am. Fish. Soc., 44, (2), 120-124. doi:10.1577/1548-8659(1914)44[120:EOCMSU]2.0.CO;2. ECOREF#:2865"
115093,Methylmercury chloride,Mummichog,Growth,Limb/ body part regeneration,NR,1980,3,"Weis,P., and J.S. Weis (1980). Effect of Zinc on Fin Regeneration in the Mummichog Fundulus heteroclitus, and its Interaction with Methylmercury. Fish. Bull., 78, (1), 163-166. ECOREF#:9922",,,"Gardner,G.R., and G. Laroche (1973). Copper Induced Lesions in Estuarine Teleosts. J. Fish. Res. Board Can., 30, (3), 363-368. doi:10.1139/f73-066. ECOREF#:8841"
115093,Methylmercury chloride,Mummichog,Growth,"Growth, general",NR,1995,1,"Weis,J.S., and P. Weis (1995). Effects of Embryonic Exposure to Methylmercury on Larval Prey-Capture Ability in the Mummichog, Fundulus heteroclitus. Environ. Toxicol. Chem., 14, (1), 153-156. ECOREF#:13726",,,"Dorfman,D. (1977). Tolerance of Fundulus heteroclitus to Different Metals in Salt Waters. Bull. N. J. Acad. Sci., 22, (2), 21-23. ECOREF#:3731"
115093,Methylmercury chloride,Mummichog,Growth,Abnormal,NR,1981,1,"Weis,J.S., P. Weis, and J.L. Ricci (1981). Effects of Cadmium, Zinc, Salinity, and Temperature on the Teratogenicity of Methylmercury to the Killifish (Fundulus heteroclitus). Rapp. P. V. Reun. Comm. Int. Explor. Sci. Mer Mediterr. (Multiple Languages), 178, 64-70. ECOREF#:11419",,,"Jackim,E. (1974). Enzyme Responses to Metals in Fish. In: F.J.Vernberg and W.B.Vernberg (Eds.), Pollution and Physiology of Marine Organisms, Academic Press, London, 59-65. ECOREF#:19746"
115093,Methylmercury chloride,Mummichog,Feeding behavior,Predatory  behavior,NR,1996,3,"Zhou,T., R. Scali, P. Weis, and J.S. Weis (1996). Behavioral Effects in Mummichog Larvae (Fundulus heteroclitus) Following Embryonic Exposure to Methylmercury. Mar. Environ. Res., 42, (1-4), 45-49. doi:10.1016/0141-1136(95)00048-8. ECOREF#:18706",,,"Khan,A.T. (1987). Effects of Mercury on Fertilization Success of Sperm and Eggs of Two Populations of Killifish, Fundulus heteroclitus. Ph.D.Thesis, Rutgers, The State University of New Jersey, New Brunswick, NJ, 131 p. ECOREF#:17328"
115093,Methylmercury chloride,Mummichog,Feeding behavior,Predatory  behavior,NR,1995,1,"Weis,J.S., and P. Weis (1995). Effects of Embryonic Exposure to Methylmercury on Larval Prey-Capture Ability in the Mummichog, Fundulus heteroclitus. Environ. Toxicol. Chem., 14, (1), 153-156. ECOREF#:13726",,,"Koepp,S.J., and N.C. Dorato (1978). Fine Structure of the Fish Chloride Cell Associated with Both Acute and Chronic Exposure to Mercury. In: Proc. of the 9th Internat. Congr. Electron Microscopy, Toronto, Canada, 452-453. ECOREF#:8378"
115093,Methylmercury chloride,Mummichog,Behavior,Swimming,NR,1996,2,"Zhou,T., R. Scali, P. Weis, and J.S. Weis (1996). Behavioral Effects in Mummichog Larvae (Fundulus heteroclitus) Following Embryonic Exposure to Methylmercury. Mar. Environ. Res., 42, (1-4), 45-49. doi:10.1016/0141-1136(95)00048-8. ECOREF#:18706",,,"Weis,P. (1984). Metallothionein and Mercury Tolerance in the Killifish, Fundulus heteroclitus. Mar. Environ. Res., 14, (1-4), 153-166. doi:10.1016/0141-1136(84)90076-X. ECOREF#:11357"
115093,Methylmercury chloride,Mummichog,Behavior,Predator vulnerability,NR,1996,2,"Zhou,T., R. Scali, P. Weis, and J.S. Weis (1996). Behavioral Effects in Mummichog Larvae (Fundulus heteroclitus) Following Embryonic Exposure to Methylmercury. Mar. Environ. Res., 42, (1-4), 45-49. doi:10.1016/0141-1136(95)00048-8. ECOREF#:18706",,,"Weis,P., and J.S. Weis (1986). Cadmium Acclimation and Hormesis in Fundulus heteroclitus During Fin Regeneration. Environ. Res., 39, 356-363. doi:10.1016/S0013-9351(86)80061-5. ECOREF#:11420"
115093,Methylmercury chloride,Mummichog,Behavior,"Behavioral changes, general",NR,1998,3,"Zhou,T., and J.S. Weis (1998). Swimming Behavior and Predator Avoidance in Three Populations of Fundulus heteroclitus Larvae After Embryonic and/or Larval Exposure to Methylmercury. Aquat. Toxicol., 43, (2/3), 131-148. doi:10.1016/S0166-445X(98)00052-6. ECOREF#:19282",,,"Van den Hurk,P., M. Faisal, and M.H.,Jr. Roberts (2000). Interactive Effects of Cadmium and Benzo(a)pyrene on Metallothionein Induction in Mummichog (Fundulus heteroclitus). Mar. Environ. Res., 50, 83-87. doi:10.1016/S0141-1136(00)00098-2. ECOREF#:56643"
115093,Methylmercury chloride,Mummichog,Accumulation,Residue,NR,1974,1,"Renfro,J.L., B. Schmidt-Nielsen, D. Miller, D. Benos, and J. Allen (1974). Methyl Mercury and Inorganic Mercury:  Uptake, Distribution, and Effect on Osmoregulatory Mechanisms in Fishes. In: F.J.Vernberg and W.B.Vernberg (Eds.), Pollution and Physiology of Mar.Organisms, Acad.Press, NY, 101-122. ECOREF#:8685",,,"McKenney,C.L.J., and J.M. Dean (1974). Effects of Acute Exposure to Sublethal Concentrations of Cadmium on the Thermal Resistance of the Mummichog. In: J.W.Gibbons and R.R.Sharitz (Eds.), Proc.Symp.Thermal Ecology, Augusta, GA:43-53 (U.S.NTIS CONF-730505), ECOREF#:8396"
115093,Methylmercury chloride,Mummichog,Accumulation,Residue,NOEC,2001,2,"Matta,M.B., J. Linse, C. Cairncross, L. Francendese, and R.M. Kocan (2001). Reproductive and Transgenerational Effects of Methylmercury or Aroclor 1268 on Fundulus heteroclitus. Environ. Toxicol. Chem., 20, (2), 327-335. doi:10.1002/etc.5620200213. ECOREF#:56679",,,"Eisler,R. (1974). Radiocadmium Exchange with Seawater by Fundulus heteroclitus (L.) (Pisces: Cyprinodontidae). J. Fish Biol., 6, 601-612. doi:10.1111/j.1095-8649.1974.tb05103.x. ECOREF#:14337"
115093,Methylmercury chloride,Mummichog,Accumulation,Residue,LOEC,2001,2,"Matta,M.B., J. Linse, C. Cairncross, L. Francendese, and R.M. Kocan (2001). Reproductive and Transgenerational Effects of Methylmercury or Aroclor 1268 on Fundulus heteroclitus. Environ. Toxicol. Chem., 20, (2), 327-335. doi:10.1002/etc.5620200213. ECOREF#:56679",,,"Kuroshima,R. (1992). Cadmium Accumulation in the Mummichog, Fundulus heteroclitus, Adapted to Various Salinities. Bull. Environ. Contam. Toxicol., 49, (5), 680-685. doi:10.1007/BF00200780. ECOREF#:5787"
115093,Methylmercury chloride,Mummichog,Accumulation,"Accumulation, general",NR,1977,5,"Sheline,J., and B. Schmidt-Nielsen (1977). Methylmercury-Selenium: Interaction in the Killifish, Fundulus heteroclitus. In: F.J.Vernberg (Ed.), Physiological Responses of Marine Biota to Pollutants, Academic Press, NY, 119-130. ECOREF#:14107",,,"Maples,N.L., and L.J. Bain (2004). Trivalent Chromium Alters Gene Expression in the Mummichog (Fundulus heteroclitus). Environ. Toxicol. Chem., 23, (3), 626-631. doi:10.1897/03-130. ECOREF#:90284"
301042,Lead acetate (Pb(O2C2H3)2),Mummichog,Mortality,Mortality,LC50,1970,1,"Jackim,E., J.M. Hamlin, and S. Sonis (1970). Effects of Metal Poisoning on Five Liver Enzymes in the Killifish (Fundulus heteroclitus). J. Fish. Res. Board Can., 27, (2), 383-390. doi:10.1139/f70-043. ECOREF#:9700",,,"Blanchard,J., and M. Grosell (2006). Copper Toxicity Across Salinities from Freshwater to Seawater in the Euryhaline Fish Fundulus heteroclitus:  Is Copper an Ionoregulatory Toxicant in High Salinities?. Aquat. Toxicol., 80, (2), 131-139. doi:10.1016/j.aquatox.2006.08.001. ECOREF#:89744"
301042,Lead acetate (Pb(O2C2H3)2),Mummichog,Enzyme(s),RNase,NR,1970,1,"Jackim,E., J.M. Hamlin, and S. Sonis (1970). Effects of Metal Poisoning on Five Liver Enzymes in the Killifish (Fundulus heteroclitus). J. Fish. Res. Board Can., 27, (2), 383-390. doi:10.1139/f70-043. ECOREF#:9700",,,"Blanchard,J., and M. Grosell (2005). Effects of Salinity on Copper Accumulation in the Common Killifish (Fundulus heteroclitus). Environ. Toxicol. Chem., 24, (6), 1403-1413. doi:10.1897/04-373R.1. ECOREF#:108070"
301042,Lead acetate (Pb(O2C2H3)2),Mummichog,Enzyme(s),Enzyme activity,NR,1970,1,"Jackim,E., J.M. Hamlin, and S. Sonis (1970). Effects of Metal Poisoning on Five Liver Enzymes in the Killifish (Fundulus heteroclitus). J. Fish. Res. Board Can., 27, (2), 383-390. doi:10.1139/f70-043. ECOREF#:9700",,,"Blanchard,J., K. Brix, and M. Grosell (2009). Subcellular Fractionation of Cu Exposed Oysters, Crassostrea virginica, and Cu Accumulation from a Biologically Incorporated Cu Rich Oyster Diet in Fundulus heteroclitus in Fresh and Sea Water. Comp. Biochem. Physiol. C Comp. Pharmacol. Toxicol., 149, (4), 531-537. doi:10.1016/j.cbpc.2008.12.001. ECOREF#:115950"
1185575,Ferric ammonium citrate,Mummichog,Mortality,Survival,NR,1915,1,"Thomas,A. (1915). Effects of Certain Metallic Salts upon Fishes. Trans. Am. Fish. Soc., 44, (2), 120-124. doi:10.1577/1548-8659(1914)44[120:EOCMSU]2.0.CO;2. ECOREF#:2865",,,"Ortiz,J.B., M.L. Gonzalez de Canales, and C. Sarasquete (1999). Quantification and Histopathological Alterations Produced by Sublethal Concentrations of Copper in Fundulus heteroclitus(Cuantificacion y Alteraciones Histopatologicas Producidas por Concentraciones Subletales de Cobre . Cienc. Mar., 25, (1), 119-143. doi:10.7773/cm.v25i1.644. ECOREF#:117476"
1185575,Ferric ammonium citrate,Mummichog,Accumulation,Residue,NR,1915,1,"Thomas,A. (1915). Effects of Certain Metallic Salts upon Fishes. Trans. Am. Fish. Soc., 44, (2), 120-124. doi:10.1577/1548-8659(1914)44[120:EOCMSU]2.0.CO;2. ECOREF#:2865",,,"Gardner,G.R. (1975). Chemically Induced Lesions in Estuarine or Marine Teleosts. In: W.E.Ribelin and G.Migaki (Eds.), Pathology of Fishes, Univ.of WI Press, Madison, WI, 657-693. ECOREF#:15562"
1344678,Copper chloride (generic),Mummichog,Mortality,Mortality,NR-LETH,1973,1,"Gardner,G.R., and G. Laroche (1973). Copper Induced Lesions in Estuarine Teleosts. J. Fish. Res. Board Can., 30, (3), 363-368. doi:10.1139/f73-066. ECOREF#:8841",,,"Laroche,G., G.R. Gardner, R. Eisler, E.H. Jackim, P.P. Yevish, and G.E. Zaroogian (1973). Analysis of Toxic Response in Marine Poikilotherms. In: G.E.Glass (Ed.), Bioassay Techniques and Environmental Chemistry, Ann Arbor, MI, 199-216. ECOREF#:8849"
1344678,Copper chloride (generic),Mummichog,Mortality,Mortality,NR,1973,2,"Gardner,G.R., and G. Laroche (1973). Copper Induced Lesions in Estuarine Teleosts. J. Fish. Res. Board Can., 30, (3), 363-368. doi:10.1139/f73-066. ECOREF#:8841",,,"Jackim,E. (1973). Influence of Lead and Other Metals on Fish Delta-Aminolevulinate Dehydrase Activity. J. Fish. Res. Board Can., 30, (4), 560-562. doi:10.1139/f73-096. ECOREF#:8868"
1344678,Copper chloride (generic),Mummichog,Mortality,Mortality,NR,1915,2,"Thomas,A. (1915). Effects of Certain Metallic Salts upon Fishes. Trans. Am. Fish. Soc., 44, (2), 120-124. doi:10.1577/1548-8659(1914)44[120:EOCMSU]2.0.CO;2. ECOREF#:2865",,,"Eisler,R., and G.R. Gardner (1973). Acute Toxicology to an Estuarine Teleost of Mixtures of Cadmium, Copper and Zinc Salts. J. Fish Biol., 5, (2), 131-142. doi:10.1111/j.1095-8649.1973.tb04441.x. ECOREF#:8342"
1344678,Copper chloride (generic),Mummichog,Mortality,Mortality,LC50,1977,8,"Dorfman,D. (1977). Tolerance of Fundulus heteroclitus to Different Metals in Salt Waters. Bull. N. J. Acad. Sci., 22, (2), 21-23. ECOREF#:3731",,,"Khan,A.T., and J.S. Weis (1987). Effect of Mercuric Chloride on Eggs and Juvenile Viability in Two Populations of Killifish. Mar. Pollut. Bull., 18, (9), 504-505. doi:10.1016/0025-326X(87)90362-6. ECOREF#:8494"
1344678,Copper chloride (generic),Mummichog,Mortality,Mortality,LC50,1973,3,"Gardner,G.R., and G. Laroche (1973). Copper Induced Lesions in Estuarine Teleosts. J. Fish. Res. Board Can., 30, (3), 363-368. doi:10.1139/f73-066. ECOREF#:8841",,,"Khan,A.T., and J.S. Weis (1987). Toxic Effects of Mercuric Chloride on Sperm and Egg Viability of Two Populations of Mummichog, Fundulus heteroclitus. Environ. Pollut., 48, 263-273. doi:10.1016/0269-7491(87)90107-2. ECOREF#:5655"
1344678,Copper chloride (generic),Mummichog,Histology,"Histological changes, general",NR,1973,3,"Gardner,G.R., and G. Laroche (1973). Copper Induced Lesions in Estuarine Teleosts. J. Fish. Res. Board Can., 30, (3), 363-368. doi:10.1139/f73-066. ECOREF#:8841",,,"Weis,J.S., and P. Weis (1977). Effects of Heavy Metals on Development of the Killifish, Fundulus heterclitus. J. Fish Biol., 11, (1), 49-54. doi:10.1111/j.1095-8649.1977.tb04097.x. ECOREF#:45298"
1344678,Copper chloride (generic),Mummichog,Development,Time to hatch,NR,1973,1,"Gardner,G.R., and G. Laroche (1973). Copper Induced Lesions in Estuarine Teleosts. J. Fish. Res. Board Can., 30, (3), 363-368. doi:10.1139/f73-066. ECOREF#:8841",,,"Toppin,S.R.V. (1985). Factors and Mechanisms Affecting the Toxicity of Mercury to the Killifish, Fundulus heteroclitus. Ph.D.Thesis, Rutgers University, Newark, NJ, 135 p. ECOREF#:4250"
1344678,Copper chloride (generic),Mummichog,Accumulation,Residue,NR,1915,2,"Thomas,A. (1915). Effects of Certain Metallic Salts upon Fishes. Trans. Am. Fish. Soc., 44, (2), 120-124. doi:10.1577/1548-8659(1914)44[120:EOCMSU]2.0.CO;2. ECOREF#:2865",,,"Sharp,J.R., and J.M. Neff (1980). Effects of the Duration of Exposure to Mercuric Chloride on the Embryogenesis of the Estuarine Teleost, Fundulus heteroclitus. Mar. Environ. Res., 3, (3), 195-213. doi:10.1016/0141-1136(80)90027-6. ECOREF#:5634"
7439921,Lead,Mummichog,Enzyme(s),"Xanthine oxidase, XOD",NR,1974,1,"Jackim,E. (1974). Enzyme Responses to Metals in Fish. In: F.J.Vernberg and W.B.Vernberg (Eds.), Pollution and Physiology of Marine Organisms, Academic Press, London, 59-65. ECOREF#:19746",,,"Klaunig,J., S. Koepp, and M. McCormick (1975). Acute Toxicity of a Native Mummichog Population (Fundulus heteroclitus) to Mercury. Bull. Environ. Contam. Toxicol., 14, (5), 534-536. doi:10.1007/BF01683367. ECOREF#:5515"
7439921,Lead,Mummichog,Enzyme(s),Sodium potassium ATPase,NR,1974,1,"Jackim,E. (1974). Enzyme Responses to Metals in Fish. In: F.J.Vernberg and W.B.Vernberg (Eds.), Pollution and Physiology of Marine Organisms, Academic Press, London, 59-65. ECOREF#:19746",,,"Eisler,R., and R.J. Hennekey (1977). Acute Toxicities of Cd2+, Cr+6, Hg2+, Ni2+ and Zn2+ to Estuarine Macrofauna. Arch. Environ. Contam. Toxicol., 6, (2-3), 315-323. doi:10.1007/BF02097772. ECOREF#:2253"
7439921,Lead,Mummichog,Enzyme(s),RNase,NR,1974,2,"Jackim,E. (1974). Enzyme Responses to Metals in Fish. In: F.J.Vernberg and W.B.Vernberg (Eds.), Pollution and Physiology of Marine Organisms, Academic Press, London, 59-65. ECOREF#:19746",,,"Koepp,S.J., and N.C. Dorato (1979). Cytopathologic Response of the Chloride Cell of an Estuarine Fish (Fundulus heteroclitus) Associated with Both Acute and Chronic Exposure to Mercury. Manage.Control Heavy Met.Environ.Int.Conf, 148-151. ECOREF#:8379"
7439921,Lead,Mummichog,Enzyme(s),Magnesium adenosine triphosphatase,NR,1974,1,"Jackim,E. (1974). Enzyme Responses to Metals in Fish. In: F.J.Vernberg and W.B.Vernberg (Eds.), Pollution and Physiology of Marine Organisms, Academic Press, London, 59-65. ECOREF#:19746",,,"Weis,J.S., and A.A. Khan (1990). Effects of Mercury on the Feeding Behavior of the Mummichog, Fundulus heteroclitus from a Polluted Habitat. Mar. Environ. Res., 30, (4), 243-249. doi:10.1016/0141-1136(90)90001-5. ECOREF#:7644"
7439921,Lead,Mummichog,Enzyme(s),Catalase,NR,1974,1,"Jackim,E. (1974). Enzyme Responses to Metals in Fish. In: F.J.Vernberg and W.B.Vernberg (Eds.), Pollution and Physiology of Marine Organisms, Academic Press, London, 59-65. ECOREF#:19746",,,"Bears,H., J.G. Richards, and P.M. Schulte (2006). Arsenic Exposure Alters Hepatic Arsenic Species Composition and Stress-Mediated Gene Expression in the Common Killifish (Fundulus heteroclitus). Aquat. Toxicol., 77, (3), 257-266. doi:10.1016/j.aquatox.2005.12.008. ECOREF#:93752"
7439921,Lead,Mummichog,Enzyme(s),Alkaline phosphatase,NR,1974,1,"Jackim,E. (1974). Enzyme Responses to Metals in Fish. In: F.J.Vernberg and W.B.Vernberg (Eds.), Pollution and Physiology of Marine Organisms, Academic Press, London, 59-65. ECOREF#:19746",,,"Sauer,G.R. (1987). The Effect of Cadmium and Zinc on Calcium Uptake and Scale Regeneration in Fundulus heteroclitus. In: W.A.Vernberg, A.Calabrese, F.P.Thurberg, and F.J.Vernberg (Eds.), Pollution of Estuarine Organisms, Univ.of SC Press, Columbia, SC, 373-399. ECOREF#:4904"
7439921,Lead,Mummichog,Enzyme(s),Acid phosphatase,NR,1974,1,"Jackim,E. (1974). Enzyme Responses to Metals in Fish. In: F.J.Vernberg and W.B.Vernberg (Eds.), Pollution and Physiology of Marine Organisms, Academic Press, London, 59-65. ECOREF#:19746",,,"Bielmyer,G.K., J.B. Bullington, C.A. Decarlo, S.J. Chalk, and K. Smith (2012). The Effects of Salinity on Acute Toxicity of Zinc to Two Euryhaline Species of Fish, Fundulus heteroclitus and Kryptolebias marmoratus. Integr. Comp. Biol., 52, (6), 753-760. doi:10.1093/icb/ics045. ECOREF#:193805"
7439976,Mercury,Mummichog,Mortality,Mortality,LT50,1987,1,"Khan,A.T. (1987). Effects of Mercury on Fertilization Success of Sperm and Eggs of Two Populations of Killifish, Fundulus heteroclitus. Ph.D.Thesis, Rutgers, The State University of New Jersey, New Brunswick, NJ, 131 p. ECOREF#:17328",,,"Burton,D.T., and D.J. Fisher (1990). Acute Toxicity of Cadmium, Copper, Zinc, Ammonia, 3,3'-Dichlorobenzidine, 2,6-Dichloro-4-Nitroaniline, Methylene Chloride, and 2,4,6-Trichlorophenol to Juvenile Grass Shrimp and Killifish. Bull. Environ. Contam. Toxicol., 44, (5), 776-783. doi:10.1007/BF01701802. ECOREF#:3163"
7439976,Mercury,Mummichog,Enzyme(s),RNase,NR,1974,2,"Jackim,E. (1974). Enzyme Responses to Metals in Fish. In: F.J.Vernberg and W.B.Vernberg (Eds.), Pollution and Physiology of Marine Organisms, Academic Press, London, 59-65. ECOREF#:19746",,,"Cardin,J.A. (1985). Acute Toxicity Data for Zinc and the Saltwater Fish, Fundulus heteroclitus, Menidia menidia and Pseudopleuronectes americanus. Memo to D.J.Hansen, U.S.EPA, Narragansett, RI, 5 p. ECOREF#:79648"
7439976,Mercury,Mummichog,Cell(s),Cell changes,NR,1978,2,"Koepp,S.J., and N.C. Dorato (1978). Fine Structure of the Fish Chloride Cell Associated with Both Acute and Chronic Exposure to Mercury. In: Proc. of the 9th Internat. Congr. Electron Microscopy, Toronto, Canada, 452-453. ECOREF#:8378",,,"Eisler,R. (1967). Acute Toxicity of Zinc to the Killfish, Fundulus heteroclitus. Chesapeake Sci., 8, 262-264. doi:10.2307/1350346. ECOREF#:14111"
7439976,Mercury,Mummichog,Accumulation,"Accumulation, general",NR,1984,1,"Weis,P. (1984). Metallothionein and Mercury Tolerance in the Killifish, Fundulus heteroclitus. Mar. Environ. Res., 14, (1-4), 153-166. doi:10.1016/0141-1136(84)90076-X. ECOREF#:11357",,,"Sauer,G.R., and N. Watabe (1989). Ultrastructural and Histochemical Aspects of Zinc Accumulation by Fish Scales. Tissue Cell, 21, (6), 935-943. doi:10.1016/0040-8166(89)90044-X. ECOREF#:137"
7440439,Cadmium,Mummichog,Growth,Limb/ body part regeneration,NR,1986,3,"Weis,P., and J.S. Weis (1986). Cadmium Acclimation and Hormesis in Fundulus heteroclitus During Fin Regeneration. Environ. Res., 39, 356-363. doi:10.1016/S0013-9351(86)80061-5. ECOREF#:11420",,,"Sauer,G.R., and N. Watabe (1989). Temporal and Metal-Specific Patterns in the Accumulation of Heavy Metals by the Scales of Fundulus heteroclitus. Aquat. Toxicol., 14, (3), 233-248. doi:10.1016/0166-445X(89)90018-0. ECOREF#:3501"
7440439,Cadmium,Mummichog,Enzyme(s),"Xanthine oxidase, XOD",NR,1974,1,"Jackim,E. (1974). Enzyme Responses to Metals in Fish. In: F.J.Vernberg and W.B.Vernberg (Eds.), Pollution and Physiology of Marine Organisms, Academic Press, London, 59-65. ECOREF#:19746",,,"Sauer,G.R., and N. Watabe (1984). Zinc Uptake and its Effect on Calcification in the Scales of the Mummichog, Fundulus heteroclitus. Aquat. Toxicol., 5, (1), 51-66. doi:10.1016/0166-445X(84)90031-6. ECOREF#:10110"
7440439,Cadmium,Mummichog,Enzyme(s),Sodium potassium ATPase,NR,1974,1,"Jackim,E. (1974). Enzyme Responses to Metals in Fish. In: F.J.Vernberg and W.B.Vernberg (Eds.), Pollution and Physiology of Marine Organisms, Academic Press, London, 59-65. ECOREF#:19746",,,"Guy,C.P., A.E. Pinkney, and M.H. Taylor (2006). Effects of Sediment-Bound Zinc Contamination on Early Life Stages of the Mummichog (Fundulus heteroclitus L.) in the Christina Watershed, Delaware, USA. Environ. Toxicol. Chem., 25, (5), 1305-1311. doi:10.1897/05-249R.1. ECOREF#:101779"
7440439,Cadmium,Mummichog,Enzyme(s),RNase,NR,1974,2,"Jackim,E. (1974). Enzyme Responses to Metals in Fish. In: F.J.Vernberg and W.B.Vernberg (Eds.), Pollution and Physiology of Marine Organisms, Academic Press, London, 59-65. ECOREF#:19746",,,"Lin,H.C., and W.A. Dunson (1993). The Effect of Salinity on the Acute Toxicity of Cadmium to the Tropical, Estuarine, Hermaphroditic Fish, Rivulus marmoratus:  A Comparison of Cd, Cu, and Zn Tolerance with Fundulus heteroclitus. Arch. Environ. Contam. Toxicol., 25, (1), 41-47. doi:10.1007/BF00230709. ECOREF#:6784"
7440439,Cadmium,Mummichog,Enzyme(s),Magnesium adenosine triphosphatase,NR,1974,1,"Jackim,E. (1974). Enzyme Responses to Metals in Fish. In: F.J.Vernberg and W.B.Vernberg (Eds.), Pollution and Physiology of Marine Organisms, Academic Press, London, 59-65. ECOREF#:19746",,,"Grosell,M., J. Blanchard, K.V. Brix, and R. Gerdes (2007). Physiology is Pivotal for Interactions Between Salinity and Acute Copper Toxicity to Fish and Invertebrates. Aquat. Toxicol., 84, (2), 162-172. doi:10.1016/j.aquatox.2007.03.026. ECOREF#:105967"
7440439,Cadmium,Mummichog,Enzyme(s),Catalase,NR,1974,1,"Jackim,E. (1974). Enzyme Responses to Metals in Fish. In: F.J.Vernberg and W.B.Vernberg (Eds.), Pollution and Physiology of Marine Organisms, Academic Press, London, 59-65. ECOREF#:19746",,,"Bennett,R.O., and J.K. Dooley (1982). Copper Uptake by Two Sympatric Species of Killifish Fundulus heteroclitus (L.)and F. majalis (Walbaum). J. Fish Biol., 21, (4), 381-398. doi:10.1111/j.1095-8649.1982.tb02843.x. ECOREF#:10491"
7440439,Cadmium,Mummichog,Enzyme(s),Alkaline phosphatase,NR,1974,1,"Jackim,E. (1974). Enzyme Responses to Metals in Fish. In: F.J.Vernberg and W.B.Vernberg (Eds.), Pollution and Physiology of Marine Organisms, Academic Press, London, 59-65. ECOREF#:19746",,,"Gonzalez,H. (2007). Differential Gene Expression in Fundulus heteroclitus Due to Arsenic Exposure. Ph.D.Thesis, University of Texas, El Paso, TX, 107 p. ECOREF#:192296"
7440439,Cadmium,Mummichog,Enzyme(s),Acid phosphatase,NR,1974,1,"Jackim,E. (1974). Enzyme Responses to Metals in Fish. In: F.J.Vernberg and W.B.Vernberg (Eds.), Pollution and Physiology of Marine Organisms, Academic Press, London, 59-65. ECOREF#:19746",,,"Gonzalez,H.O., J.A. Roling, W.S. Baldwin, and L.J. Bain (2006). Physiological Changes and Differential Gene Expression in Mummichogs (Fundulus heteroclitus) Exposed to Arsenic. Aquat. Toxicol., 77, (1), 43-52. doi:10.1016/j.aquatox.2005.10.014. ECOREF#:89733"
7440439,Cadmium,Mummichog,Biochemistry,Metallothionein,NR,2000,1,"Van den Hurk,P., M. Faisal, and M.H.,Jr. Roberts (2000). Interactive Effects of Cadmium and Benzo(a)pyrene on Metallothionein Induction in Mummichog (Fundulus heteroclitus). Mar. Environ. Res., 50, 83-87. doi:10.1016/S0141-1136(00)00098-2. ECOREF#:56643",,,"Gonzalez,H.O., J. Hu, K.M. Gaworecki, J.A. Roling, W.S. Baldwin, J.L. Gardea-Torresdey, and L.J. Bain (2010). Dose-Responsive Gene Expression Changes in Juvenile and Adult Mummichogs (Fundulus heteroclitus) After Arsenic Exposure. Mar. Environ. Res., 70, (2), 133-141. doi:10.1016/j.marenvres.2010.04.003. ECOREF#:151954"
7440439,Cadmium,Mummichog,Behavior,Temperature tolerance,NR,1974,15,"McKenney,C.L.J., and J.M. Dean (1974). Effects of Acute Exposure to Sublethal Concentrations of Cadmium on the Thermal Resistance of the Mummichog. In: J.W.Gibbons and R.R.Sharitz (Eds.), Proc.Symp.Thermal Ecology, Augusta, GA:43-53 (U.S.NTIS CONF-730505), ECOREF#:8396",,,"D'Amico,A.R., A.W. Gibson, and L.J. Bain (2014). Embryonic Arsenic Exposure Reduces the Number of Muscle Fibers in Killifish (Fundulus heteroclitus). Aquat. Toxicol., 146, 196-204. doi:10.1016/j.aquatox.2013.11.010. ECOREF#:191802"
7440439,Cadmium,Mummichog,Accumulation,Residue,NR,1974,3,"Jackim,E. (1974). Enzyme Responses to Metals in Fish. In: F.J.Vernberg and W.B.Vernberg (Eds.), Pollution and Physiology of Marine Organisms, Academic Press, London, 59-65. ECOREF#:19746",,,"Shaw,J.R., K. Gabor, E. Hand, A. Lankowski, L. Durant, R. Thibodeau, C.R. Stanton, R. Barnaby, B. Coutermarsh, K.H. Kar (2007). Role of Glucocorticoid Receptor in Acclimation of Killifish (Fundulus heteroclitus) to Seawater and Effects of Arsenic. Am. J. Physiol., Regul. Integr. Comp. Physiol., 292, (2), R1052 - R1060. doi:10.1152/ajpregu.00328.2006. ECOREF#:101073"
7440439,Cadmium,Mummichog,Accumulation,Residue,NR,1974,2,"Eisler,R. (1974). Radiocadmium Exchange with Seawater by Fundulus heteroclitus (L.) (Pisces: Cyprinodontidae). J. Fish Biol., 6, 601-612. doi:10.1111/j.1095-8649.1974.tb05103.x. ECOREF#:14337",,,"Gaworecki,K.M., R.W. Chapman, M.G. Neely, A.R. D'Amico, and L.J. Bain (2012). Arsenic Exposure to Killifish During Embryogenesis Alters Muscle Development. Toxicol. Sci., 125, (2), 522-531. doi:10.1093/toxsci/kfr302. ECOREF#:191826"
7440439,Cadmium,Mummichog,Accumulation,Residue,BCF,1974,30,"Eisler,R. (1974). Radiocadmium Exchange with Seawater by Fundulus heteroclitus (L.) (Pisces: Cyprinodontidae). J. Fish Biol., 6, 601-612. doi:10.1111/j.1095-8649.1974.tb05103.x. ECOREF#:14337",,,"Weis,P., and J.S. Weis (1982). Toxicity of Methylmercury, Mercuric Chloride, and Lead in Killifish (Fundulus heteroclitus) from Southampton, New York. Environ. Res., 28, (2), 364-374. doi:10.1016/0013-9351(82)90135-9. ECOREF#:15614"
7440439,Cadmium,Mummichog,Accumulation,"Accumulation, general",NR,1992,2,"Kuroshima,R. (1992). Cadmium Accumulation in the Mummichog, Fundulus heteroclitus, Adapted to Various Salinities. Bull. Environ. Contam. Toxicol., 49, (5), 680-685. doi:10.1007/BF00200780. ECOREF#:5787",,,"Middaugh,D.P., and J.M. Dean (1977). Comparative Sensitivity of Eggs, Larvae and Adults of the Estuarine Teleost, Fundulus heteroclitus and Menidia menidia to Cadmium. Bull. Environ. Contam. Toxicol., 17, (6), 645-652. doi:10.1007/BF01685947. ECOREF#:8334"
7440473,Chromium,Mummichog,Genetics,Messenger RNA,NR,2004,1,"Maples,N.L., and L.J. Bain (2004). Trivalent Chromium Alters Gene Expression in the Mummichog (Fundulus heteroclitus). Environ. Toxicol. Chem., 23, (3), 626-631. doi:10.1897/03-130. ECOREF#:90284",,,"Gill,T.S., and A. Epple (1992). Impact of Cadmium on the Mummichog Fundulus heteroclitus and the Role of Calcium in Suppressing Heavy Metal Toxicity. Comp. Biochem. Physiol. C Comp. Pharmacol., 101, (3), 519-523. doi:10.1016/0742-8413(92)90080-Q. ECOREF#:6445"
7440473,Chromium,Mummichog,Genetics,G6A11 mRNA,NOEC,2004,1,"Maples,N.L., and L.J. Bain (2004). Trivalent Chromium Alters Gene Expression in the Mummichog (Fundulus heteroclitus). Environ. Toxicol. Chem., 23, (3), 626-631. doi:10.1897/03-130. ECOREF#:90284",,,"Eisler,R. (1971). Cadmium Poisoning in Fundulus heteroclitus (Pisces:  Cyprinodontidae) and Other Marine Organisms. J. Fish. Res. Board Can., 28, (9), 1225-1234. doi:10.1139/f71-188. ECOREF#:9316"
7440473,Chromium,Mummichog,Genetics,Fatty acid binding protein 5 mRNA,NR,2004,1,"Maples,N.L., and L.J. Bain (2004). Trivalent Chromium Alters Gene Expression in the Mummichog (Fundulus heteroclitus). Environ. Toxicol. Chem., 23, (3), 626-631. doi:10.1897/03-130. ECOREF#:90284",,,"Upjohn Co. (1989). Acute Toxicity of Selected Compounds in the Upjohn Company's North Haven Facility NPDES Discharge Serial #001 to Juvenile Grass & Shrimp Mummichogs (Final Report) w-Cover Letter. EPA/OTS Doc.#86-890000585, 56 p. ECOREF#:177340"
7440473,Chromium,Mummichog,Genetics,Eukaryotic initiation factor 2B mRNA,NOEC,2004,1,"Maples,N.L., and L.J. Bain (2004). Trivalent Chromium Alters Gene Expression in the Mummichog (Fundulus heteroclitus). Environ. Toxicol. Chem., 23, (3), 626-631. doi:10.1897/03-130. ECOREF#:90284",,,"Voyer,R.A. (1975). Effect of Dissolved Oxygen Concentration on the Acute Toxicity of Cadmium to the Mummichog, Fundulus heteroclitus (L.), at Various Salinities. Trans. Am. Fish. Soc., 104, (1), 129-134. doi:10.1577/1548-8659(1975)104<129:EODOCO>2.0.CO;2. ECOREF#:6172"
7440473,Chromium,Mummichog,Genetics,Cytochrome P4502N2 mRNA,NOEC,2004,1,"Maples,N.L., and L.J. Bain (2004). Trivalent Chromium Alters Gene Expression in the Mummichog (Fundulus heteroclitus). Environ. Toxicol. Chem., 23, (3), 626-631. doi:10.1897/03-130. ECOREF#:90284",,,"Voyer,R.A., P.P. Yevich, and C.A. Barszcz (1975). Histological and Toxicological Responses of the Mummichog, Fundulus heteroclitus (L.) to Combinations of Levels of Cadmium and Dissolved Oxygen. Water Res., 9, 1069-1074. doi:10.1016/0043-1354(75)90103-7. ECOREF#:449"
7440473,Chromium,Mummichog,Genetics,Complementary DNA (cDNA),NR,2004,1,"Maples,N.L., and L.J. Bain (2004). Trivalent Chromium Alters Gene Expression in the Mummichog (Fundulus heteroclitus). Environ. Toxicol. Chem., 23, (3), 626-631. doi:10.1897/03-130. ECOREF#:90284",,,"Roesijadi,G., S. Rezvankhah, A. Perez-Matus, A. Mitelberg, K. Torruellas, and P.A. Van Veld (2009). Dietary Cadmium and Benzo(a)pyrene Increased Intestinal Metallothionein Expression in the Fish Fundulus heteroclitus. Mar. Environ. Res., 67, (1), 25-30. doi:10.1016/j.marenvres.2008.10.002. ECOREF#:117420"
7440473,Chromium,Mummichog,Accumulation,Residue,NR,2004,1,"Maples,N.L., and L.J. Bain (2004). Trivalent Chromium Alters Gene Expression in the Mummichog (Fundulus heteroclitus). Environ. Toxicol. Chem., 23, (3), 626-631. doi:10.1897/03-130. ECOREF#:90284",,,"Kaplan,L.A.E., K. Van Cleef, I. Wirgin, and J.F. Crivello (1995). A Comparison of RT-PCR and Northern Blot Analysis in Quantifying Metallothionein mRNA Levels in Killifish Exposed to Waterborne Cadmium. Mar. Environ. Res., 39, (1-4), 137-141. doi:10.1016/0141-1136(94)00045-Q. ECOREF#:16908"
7440508,Copper,Mummichog,Physiology,"Flux, across membranes",NOEC,2006,2,"Blanchard,J., and M. Grosell (2006). Copper Toxicity Across Salinities from Freshwater to Seawater in the Euryhaline Fish Fundulus heteroclitus:  Is Copper an Ionoregulatory Toxicant in High Salinities?. Aquat. Toxicol., 80, (2), 131-139. doi:10.1016/j.aquatox.2006.08.001. ECOREF#:89744",,,"Pruell,R.J., and F.R. Engelhardt (1980). Liver Cadmium Uptake, Catalase Inhibition and Cadmium Thionein Production in the Killifish (Fundulus heteroclitus) Induced by Experimental. Mar. Environ. Res., 3, (2), 101-111. doi:10.1016/0141-1136(80)90019-7. ECOREF#:9880"
7440508,Copper,Mummichog,Physiology,"Flux, across membranes",LOEC,2006,3,"Blanchard,J., and M. Grosell (2006). Copper Toxicity Across Salinities from Freshwater to Seawater in the Euryhaline Fish Fundulus heteroclitus:  Is Copper an Ionoregulatory Toxicant in High Salinities?. Aquat. Toxicol., 80, (2), 131-139. doi:10.1016/j.aquatox.2006.08.001. ECOREF#:89744",,,"Eisler,R., G.E. Zaroogian, and R.J. Hennekey (1972). Cadmium Uptake by Marine Organisms. J. Fish. Res. Board Can., 29, (9), 1367-1369. doi:10.1139/f72-212. ECOREF#:9100"
7440508,Copper,Mummichog,Mortality,Survival,NR,2006,5,"Blanchard,J., and M. Grosell (2006). Copper Toxicity Across Salinities from Freshwater to Seawater in the Euryhaline Fish Fundulus heteroclitus:  Is Copper an Ionoregulatory Toxicant in High Salinities?. Aquat. Toxicol., 80, (2), 131-139. doi:10.1016/j.aquatox.2006.08.001. ECOREF#:89744",,,"Szymkowicz,D.B., K.C. Sims, N.M. Castro, W.C. Bridges, and L.J. Bain (2017). Embryonic-Only Arsenic Exposure in Killifish (Fundulus heteroclitus) Reduces Growth and Alters Muscle IGF Levels One Year Later. Aquat. Toxicol., 186, 1-10. doi:10.1016/j.aquatox.2017.02.020. ECOREF#:191819"
7440508,Copper,Mummichog,Mortality,Mortality,NR-LETH,2006,1,"Blanchard,J., and M. Grosell (2006). Copper Toxicity Across Salinities from Freshwater to Seawater in the Euryhaline Fish Fundulus heteroclitus:  Is Copper an Ionoregulatory Toxicant in High Salinities?. Aquat. Toxicol., 80, (2), 131-139. doi:10.1016/j.aquatox.2006.08.001. ECOREF#:89744",,,"Shaw,J.R., B. Jackson, K. Gabor, S. Stanton, J.W. Hamilton, and B.A. Stanton (2007). The Influence of Exposure History on Arsenic Accumulation and Toxicity in the Killifish, Fundulus heteroclitus. Environ. Toxicol. Chem., 26, (12), 2704-2709. doi:10.1897/07-032.1. ECOREF#:109419"
7440508,Copper,Mummichog,Enzyme(s),"Xanthine oxidase, XOD",NR,1974,1,"Jackim,E. (1974). Enzyme Responses to Metals in Fish. In: F.J.Vernberg and W.B.Vernberg (Eds.), Pollution and Physiology of Marine Organisms, Academic Press, London, 59-65. ECOREF#:19746",,,"Khan,A.T., and J.S. Weis (1987). Effects of Methylmercury on Sperm and Egg Viability of Two Populations of Killifish (Fundulus heteroclitus). Arch. Environ. Contam. Toxicol., 16, (4), 499-505. doi:10.1007/BF01055273. ECOREF#:12573"
7440508,Copper,Mummichog,Enzyme(s),Sodium potassium ATPase,NOEC,2006,1,"Blanchard,J., and M. Grosell (2006). Copper Toxicity Across Salinities from Freshwater to Seawater in the Euryhaline Fish Fundulus heteroclitus:  Is Copper an Ionoregulatory Toxicant in High Salinities?. Aquat. Toxicol., 80, (2), 131-139. doi:10.1016/j.aquatox.2006.08.001. ECOREF#:89744",,,"Weis,J.S., M. Renna, and S. Vaidya (1987). Mercury Tolerance in Killifish: A Stage-Specific Phenomenon. In: J.M.Capuzzo and D.R.Kester (Eds.), Oceanic Processes Marine Pollution, Biol.Processes and Wastes in the Ocean, Robert E.Krieger Publ.Co., Malabar, FL, 1, 31-36. ECOREF#:4602"
7440508,Copper,Mummichog,Enzyme(s),Sodium potassium ATPase,LOEC,2006,1,"Blanchard,J., and M. Grosell (2006). Copper Toxicity Across Salinities from Freshwater to Seawater in the Euryhaline Fish Fundulus heteroclitus:  Is Copper an Ionoregulatory Toxicant in High Salinities?. Aquat. Toxicol., 80, (2), 131-139. doi:10.1016/j.aquatox.2006.08.001. ECOREF#:89744",,,"Weis,J.S., P. Weis, M. Renna, and S. Vaidya (1985). Search for a Physiological Component of Methylmercury Tolerance in the Mummichog, Fundulus heteroclitus. In: F.J.Vernberg, F.Thurberg, A.Calabrese, and W.B.Vernberg (Eds.), Marine Pollution and Physiology: Recent Advances, Univ.South Carolina Press, Columbia,SC, 309-326. ECOREF#:11418"
7440508,Copper,Mummichog,Enzyme(s),RNase,NR,1974,2,"Jackim,E. (1974). Enzyme Responses to Metals in Fish. In: F.J.Vernberg and W.B.Vernberg (Eds.), Pollution and Physiology of Marine Organisms, Academic Press, London, 59-65. ECOREF#:19746",,,"Weis,J.S., and P. Weis (1984). A Rapid Change in Methylmercury Tolerance in a Population of Killifish, Fundulus heteroclitus, from a Golf Course Pond. Mar. Environ. Res., 13, (3), 231-245. doi:10.1016/0141-1136(84)90031-X. ECOREF#:10627"
7440508,Copper,Mummichog,Enzyme(s),Enzyme activity,NR,2006,6,"Blanchard,J., and M. Grosell (2006). Copper Toxicity Across Salinities from Freshwater to Seawater in the Euryhaline Fish Fundulus heteroclitus:  Is Copper an Ionoregulatory Toxicant in High Salinities?. Aquat. Toxicol., 80, (2), 131-139. doi:10.1016/j.aquatox.2006.08.001. ECOREF#:89744",,,"Zhou,T. (1997). Behavioral Development and Neurobehavioral Effects of Methylmercury on Larval Mummichogs, Fundulus heteroclitus from Polluted and Reference Environments. Ph.D.Thesis, Rutgers, The State University of New Jersey, New Brunswick, NJ, 249 p. ECOREF#:172112"
7440508,Copper,Mummichog,Enzyme(s),Catalase,NR,1974,1,"Jackim,E. (1974). Enzyme Responses to Metals in Fish. In: F.J.Vernberg and W.B.Vernberg (Eds.), Pollution and Physiology of Marine Organisms, Academic Press, London, 59-65. ECOREF#:19746",,,"Toppin,S.V., M. Heber, J.S. Weis, and P. Weis (1985). Changes in Reproductive Biology and Life History of Fundulus heteroclitus in a Polluted Environment. In: W.B.Vernberg, A.Calabrese, F.P.Thurberg, and F.J.Vernberg (Eds.), Pollution Physiology of Estuarine Organisms, University of South Carolina Press, Columbia, SC, 171-184. ECOREF#:172482"
7440508,Copper,Mummichog,Enzyme(s),Alkaline phosphatase,NR,1974,1,"Jackim,E. (1974). Enzyme Responses to Metals in Fish. In: F.J.Vernberg and W.B.Vernberg (Eds.), Pollution and Physiology of Marine Organisms, Academic Press, London, 59-65. ECOREF#:19746",,,"Weis,J., P. Weis, and M. Heber (1982). Variation in Response to Methylmercury by Killifish (Fundulus heteroclitus) Embryos. ASTM Spec. Tech. Publ., 109-119. ECOREF#:11416"
7440508,Copper,Mummichog,Enzyme(s),Acid phosphatase,NR,1974,1,"Jackim,E. (1974). Enzyme Responses to Metals in Fish. In: F.J.Vernberg and W.B.Vernberg (Eds.), Pollution and Physiology of Marine Organisms, Academic Press, London, 59-65. ECOREF#:19746",,,"Perry,D.M., J.S. Weis, and P. Weis (1988). Cytogenetic Effects of Methylmercury in Embryos of the Killifish, Fundulus heteroclitus. Arch. Environ. Contam. Toxicol., 17, (5), 569-574. doi:10.1007/BF01055824. ECOREF#:15247"
7440508,Copper,Mummichog,Biochemistry,Sodium content,NOEC,2006,5,"Blanchard,J., and M. Grosell (2006). Copper Toxicity Across Salinities from Freshwater to Seawater in the Euryhaline Fish Fundulus heteroclitus:  Is Copper an Ionoregulatory Toxicant in High Salinities?. Aquat. Toxicol., 80, (2), 131-139. doi:10.1016/j.aquatox.2006.08.001. ECOREF#:89744",,,"Weis,J.S., P. Weis, M. Heber, and S. Vaidya (1981). Methylmercury Tolerance of Killifish (Fundulus heteroclitus) Embryos from a Polluted vs Non-Polluted Environment. Mar. Biol. (Multiple Languages), 65, (3), 283-287. doi:10.1007/BF00397123. ECOREF#:4845"
7440508,Copper,Mummichog,Biochemistry,Sodium content,LOEC,2006,4,"Blanchard,J., and M. Grosell (2006). Copper Toxicity Across Salinities from Freshwater to Seawater in the Euryhaline Fish Fundulus heteroclitus:  Is Copper an Ionoregulatory Toxicant in High Salinities?. Aquat. Toxicol., 80, (2), 131-139. doi:10.1016/j.aquatox.2006.08.001. ECOREF#:89744",,,"Zhou,T., P. Weis, and J.S. Weis (1998). Mercury Burden in Two Populations of Fundulus heteroclitus After Sublethal Methylmercury Exposure. Aquat. Toxicol., 42, (1), 37-47. doi:10.1016/S0166-445X(97)00101-X. ECOREF#:19151"
7440508,Copper,Mummichog,Biochemistry,General biochemical effect,NR,2006,4,"Blanchard,J., and M. Grosell (2006). Copper Toxicity Across Salinities from Freshwater to Seawater in the Euryhaline Fish Fundulus heteroclitus:  Is Copper an Ionoregulatory Toxicant in High Salinities?. Aquat. Toxicol., 80, (2), 131-139. doi:10.1016/j.aquatox.2006.08.001. ECOREF#:89744",,,0
7440508,Copper,Mummichog,Biochemistry,Chloride,NOEC,2006,7,"Blanchard,J., and M. Grosell (2006). Copper Toxicity Across Salinities from Freshwater to Seawater in the Euryhaline Fish Fundulus heteroclitus:  Is Copper an Ionoregulatory Toxicant in High Salinities?. Aquat. Toxicol., 80, (2), 131-139. doi:10.1016/j.aquatox.2006.08.001. ECOREF#:89744",,,
7440508,Copper,Mummichog,Biochemistry,Chloride,LOEC,2006,2,"Blanchard,J., and M. Grosell (2006). Copper Toxicity Across Salinities from Freshwater to Seawater in the Euryhaline Fish Fundulus heteroclitus:  Is Copper an Ionoregulatory Toxicant in High Salinities?. Aquat. Toxicol., 80, (2), 131-139. doi:10.1016/j.aquatox.2006.08.001. ECOREF#:89744",,,
7440508,Copper,Mummichog,Accumulation,Residue,NR,2005,13,"Blanchard,J., and M. Grosell (2005). Effects of Salinity on Copper Accumulation in the Common Killifish (Fundulus heteroclitus). Environ. Toxicol. Chem., 24, (6), 1403-1413. doi:10.1897/04-373R.1. ECOREF#:108070",,,
7440508,Copper,Mummichog,Accumulation,Residue,NOEC,2009,13,"Blanchard,J., K. Brix, and M. Grosell (2009). Subcellular Fractionation of Cu Exposed Oysters, Crassostrea virginica, and Cu Accumulation from a Biologically Incorporated Cu Rich Oyster Diet in Fundulus heteroclitus in Fresh and Sea Water. Comp. Biochem. Physiol. C Comp. Pharmacol. Toxicol., 149, (4), 531-537. doi:10.1016/j.cbpc.2008.12.001. ECOREF#:115950",,,
7440508,Copper,Mummichog,Accumulation,Residue,NOEC,2005,172,"Blanchard,J., and M. Grosell (2005). Effects of Salinity on Copper Accumulation in the Common Killifish (Fundulus heteroclitus). Environ. Toxicol. Chem., 24, (6), 1403-1413. doi:10.1897/04-373R.1. ECOREF#:108070",,,
7440508,Copper,Mummichog,Accumulation,Residue,LOEL,1999,1,"Ortiz,J.B., M.L. Gonzalez de Canales, and C. Sarasquete (1999). Quantification and Histopathological Alterations Produced by Sublethal Concentrations of Copper in Fundulus heteroclitus(Cuantificacion y Alteraciones Histopatologicas Producidas por Concentraciones Subletales de Cobre . Cienc. Mar., 25, (1), 119-143. doi:10.7773/cm.v25i1.644. ECOREF#:117476",,,
7440508,Copper,Mummichog,Accumulation,Residue,LOEC,2009,11,"Blanchard,J., K. Brix, and M. Grosell (2009). Subcellular Fractionation of Cu Exposed Oysters, Crassostrea virginica, and Cu Accumulation from a Biologically Incorporated Cu Rich Oyster Diet in Fundulus heteroclitus in Fresh and Sea Water. Comp. Biochem. Physiol. C Comp. Pharmacol. Toxicol., 149, (4), 531-537. doi:10.1016/j.cbpc.2008.12.001. ECOREF#:115950",,,
7440508,Copper,Mummichog,Accumulation,Residue,LOEC,2005,29,"Blanchard,J., and M. Grosell (2005). Effects of Salinity on Copper Accumulation in the Common Killifish (Fundulus heteroclitus). Environ. Toxicol. Chem., 24, (6), 1403-1413. doi:10.1897/04-373R.1. ECOREF#:108070",,,
7440508,Copper,Mummichog,Accumulation,"Accumulation, general",NR,1984,1,"Weis,P. (1984). Metallothionein and Mercury Tolerance in the Killifish, Fundulus heteroclitus. Mar. Environ. Res., 14, (1-4), 153-166. doi:10.1016/0141-1136(84)90076-X. ECOREF#:11357",,,
7446700,Aluminum chloride,Mummichog,Mortality,Mortality,LC50,1977,8,"Dorfman,D. (1977). Tolerance of Fundulus heteroclitus to Different Metals in Salt Waters. Bull. N. J. Acad. Sci., 22, (2), 21-23. ECOREF#:3731",,,
7447394,Cupric chloride,Mummichog,Histology,"Histological changes, general",NR,1975,1,"Gardner,G.R. (1975). Chemically Induced Lesions in Estuarine or Marine Teleosts. In: W.E.Ribelin and G.Migaki (Eds.), Pathology of Fishes, Univ.of WI Press, Madison, WI, 657-693. ECOREF#:15562",,,
7447394,Cupric chloride,Mummichog,Histology,"Histological changes, general",NR,1973,2,"Laroche,G., G.R. Gardner, R. Eisler, E.H. Jackim, P.P. Yevish, and G.E. Zaroogian (1973). Analysis of Toxic Response in Marine Poikilotherms. In: G.E.Glass (Ed.), Bioassay Techniques and Environmental Chemistry, Ann Arbor, MI, 199-216. ECOREF#:8849",,,
7447394,Cupric chloride,Mummichog,Enzyme(s),Enzyme activity,NR,1973,1,"Jackim,E. (1973). Influence of Lead and Other Metals on Fish Delta-Aminolevulinate Dehydrase Activity. J. Fish. Res. Board Can., 30, (4), 560-562. doi:10.1139/f73-096. ECOREF#:8868",,,
7447394,Cupric chloride,Mummichog,Accumulation,"Accumulation, general",NR,1973,1,"Eisler,R., and G.R. Gardner (1973). Acute Toxicology to an Estuarine Teleost of Mixtures of Cadmium, Copper and Zinc Salts. J. Fish Biol., 5, (2), 131-142. doi:10.1111/j.1095-8649.1973.tb04441.x. ECOREF#:8342",,,
7487947,Mercuric chloride,Mummichog,Reproduction,"Reproduction, general",NR,1987,2,"Khan,A.T., and J.S. Weis (1987). Effect of Mercuric Chloride on Eggs and Juvenile Viability in Two Populations of Killifish. Mar. Pollut. Bull., 18, (9), 504-505. doi:10.1016/0025-326X(87)90362-6. ECOREF#:8494",,,
7487947,Mercuric chloride,Mummichog,Reproduction,"Reproduction, general",NR,1987,3,"Khan,A.T., and J.S. Weis (1987). Toxic Effects of Mercuric Chloride on Sperm and Egg Viability of Two Populations of Mummichog, Fundulus heteroclitus. Environ. Pollut., 48, 263-273. doi:10.1016/0269-7491(87)90107-2. ECOREF#:5655",,,
7487947,Mercuric chloride,Mummichog,Physiology,Sodium uptake,NR,1974,1,"Renfro,J.L., B. Schmidt-Nielsen, D. Miller, D. Benos, and J. Allen (1974). Methyl Mercury and Inorganic Mercury:  Uptake, Distribution, and Effect on Osmoregulatory Mechanisms in Fishes. In: F.J.Vernberg and W.B.Vernberg (Eds.), Pollution and Physiology of Mar.Organisms, Acad.Press, NY, 101-122. ECOREF#:8685",,,
7487947,Mercuric chloride,Mummichog,Physiology,"Physiology, general",NR,1993,1,"Khan,A.T., and J.S. Weis (1993). Differential Effects of Organic and Inorganic Mercury on the Micropyle of the Eggs of Fundulus heteroclitus. Environ. Biol. Fishes, 37, (3), 323-327. doi:10.1007/BF00004640. ECOREF#:14008",,,
7487947,Mercuric chloride,Mummichog,Physiology,"Physiology, general",NR,1974,1,"Renfro,J.L., B. Schmidt-Nielsen, D. Miller, D. Benos, and J. Allen (1974). Methyl Mercury and Inorganic Mercury:  Uptake, Distribution, and Effect on Osmoregulatory Mechanisms in Fishes. In: F.J.Vernberg and W.B.Vernberg (Eds.), Pollution and Physiology of Mar.Organisms, Acad.Press, NY, 101-122. ECOREF#:8685",,,
7487947,Mercuric chloride,Mummichog,Mortality,Mortality,NR-LETH,1977,1,"Weis,J.S., and P. Weis (1977). Effects of Heavy Metals on Development of the Killifish, Fundulus heterclitus. J. Fish Biol., 11, (1), 49-54. doi:10.1111/j.1095-8649.1977.tb04097.x. ECOREF#:45298",,,
7487947,Mercuric chloride,Mummichog,Mortality,Mortality,NR,1985,1,"Toppin,S.R.V. (1985). Factors and Mechanisms Affecting the Toxicity of Mercury to the Killifish, Fundulus heteroclitus. Ph.D.Thesis, Rutgers University, Newark, NJ, 135 p. ECOREF#:4250",,,
7487947,Mercuric chloride,Mummichog,Mortality,Mortality,NR,1982,15,"Sharp,J.R., and J.M. Neff (1982). The Toxicity of Mercuric Chloride and Methylmercuric Chloride to Fundulus heteroclitus Embryos in Relation to Exposure Conditions. Environ. Biol. Fishes, 7, (3), 277-284. doi:10.1007/BF00002502. ECOREF#:10517",,,
7487947,Mercuric chloride,Mummichog,Mortality,Mortality,NR,1980,1,"Sharp,J.R., and J.M. Neff (1980). Effects of the Duration of Exposure to Mercuric Chloride on the Embryogenesis of the Estuarine Teleost, Fundulus heteroclitus. Mar. Environ. Res., 3, (3), 195-213. doi:10.1016/0141-1136(80)90027-6. ECOREF#:5634",,,
7487947,Mercuric chloride,Mummichog,Mortality,Mortality,LT50,1994,4,"Khan,A.T., and J.S. Weis (1994). Effects of Embryonic Pre-Exposure to Mercury on Larval Tolerance in Two Populations of Killifish (Fundulus heteroclitus). Environ. Sci. (Tokyo), 2, (4), 201-207. ECOREF#:16895",,,
7487947,Mercuric chloride,Mummichog,Mortality,Mortality,LT50,1983,1,"Weis,P., and J.S. Weis (1983). Effects of Embryonic Pre-Exposure to Methylmercury and HG2+ on Larval Tolerance in Fundulus heteroclitus. Bull. Environ. Contam. Toxicol., 31(5), 530-534. doi:10.1007/BF01605470. ECOREF#:10136",,,
7487947,Mercuric chloride,Mummichog,Mortality,Mortality,LC50*,1975,1,"Klaunig,J., S. Koepp, and M. McCormick (1975). Acute Toxicity of a Native Mummichog Population (Fundulus heteroclitus) to Mercury. Bull. Environ. Contam. Toxicol., 14, (5), 534-536. doi:10.1007/BF01683367. ECOREF#:5515",,,
7487947,Mercuric chloride,Mummichog,Mortality,Mortality,LC50,1994,2,"Khan,A.T., and J.S. Weis (1994). Effects of Embryonic Pre-Exposure to Mercury on Larval Tolerance in Two Populations of Killifish (Fundulus heteroclitus). Environ. Sci. (Tokyo), 2, (4), 201-207. ECOREF#:16895",,,
7487947,Mercuric chloride,Mummichog,Mortality,Mortality,LC50,1987,2,"Khan,A.T., and J.S. Weis (1987). Effect of Mercuric Chloride on Eggs and Juvenile Viability in Two Populations of Killifish. Mar. Pollut. Bull., 18, (9), 504-505. doi:10.1016/0025-326X(87)90362-6. ECOREF#:8494",,,
7487947,Mercuric chloride,Mummichog,Mortality,Mortality,LC50,1980,4,"Sharp,J.R., and J.M. Neff (1980). Effects of the Duration of Exposure to Mercuric Chloride on the Embryogenesis of the Estuarine Teleost, Fundulus heteroclitus. Mar. Environ. Res., 3, (3), 195-213. doi:10.1016/0141-1136(80)90027-6. ECOREF#:5634",,,
7487947,Mercuric chloride,Mummichog,Mortality,Mortality,LC50,1977,8,"Dorfman,D. (1977). Tolerance of Fundulus heteroclitus to Different Metals in Salt Waters. Bull. N. J. Acad. Sci., 22, (2), 21-23. ECOREF#:3731",,,
7487947,Mercuric chloride,Mummichog,Mortality,Mortality,LC50,1977,3,"Eisler,R., and R.J. Hennekey (1977). Acute Toxicities of Cd2+, Cr+6, Hg2+, Ni2+ and Zn2+ to Estuarine Macrofauna. Arch. Environ. Contam. Toxicol., 6, (2-3), 315-323. doi:10.1007/BF02097772. ECOREF#:2253",,,
7487947,Mercuric chloride,Mummichog,Mortality,Mortality,LC50,1970,1,"Jackim,E., J.M. Hamlin, and S. Sonis (1970). Effects of Metal Poisoning on Five Liver Enzymes in the Killifish (Fundulus heteroclitus). J. Fish. Res. Board Can., 27, (2), 383-390. doi:10.1139/f70-043. ECOREF#:9700",,,
7487947,Mercuric chloride,Mummichog,Mortality,Hatch,NR,1980,1,"Sharp,J.R., and J.M. Neff (1980). Effects of the Duration of Exposure to Mercuric Chloride on the Embryogenesis of the Estuarine Teleost, Fundulus heteroclitus. Mar. Environ. Res., 3, (3), 195-213. doi:10.1016/0141-1136(80)90027-6. ECOREF#:5634",,,
7487947,Mercuric chloride,Mummichog,Mortality,Hatch,EC50*,1980,4,"Sharp,J.R., and J.M. Neff (1980). Effects of the Duration of Exposure to Mercuric Chloride on the Embryogenesis of the Estuarine Teleost, Fundulus heteroclitus. Mar. Environ. Res., 3, (3), 195-213. doi:10.1016/0141-1136(80)90027-6. ECOREF#:5634",,,
7487947,Mercuric chloride,Mummichog,Morphology,Normal,NR,1985,1,"Toppin,S.R.V. (1985). Factors and Mechanisms Affecting the Toxicity of Mercury to the Killifish, Fundulus heteroclitus. Ph.D.Thesis, Rutgers University, Newark, NJ, 135 p. ECOREF#:4250",,,
7487947,Mercuric chloride,Mummichog,Histology,"Histological changes, general",NR,1979,2,"Koepp,S.J., and N.C. Dorato (1979). Cytopathologic Response of the Chloride Cell of an Estuarine Fish (Fundulus heteroclitus) Associated with Both Acute and Chronic Exposure to Mercury. Manage.Control Heavy Met.Environ.Int.Conf, 148-151. ECOREF#:8379",,,
7487947,Mercuric chloride,Mummichog,Histology,"Histological changes, general",NR,1975,1,"Gardner,G.R. (1975). Chemically Induced Lesions in Estuarine or Marine Teleosts. In: W.E.Ribelin and G.Migaki (Eds.), Pathology of Fishes, Univ.of WI Press, Madison, WI, 657-693. ECOREF#:15562",,,
7487947,Mercuric chloride,Mummichog,Growth,Abnormal,EC50*,1980,4,"Sharp,J.R., and J.M. Neff (1980). Effects of the Duration of Exposure to Mercuric Chloride on the Embryogenesis of the Estuarine Teleost, Fundulus heteroclitus. Mar. Environ. Res., 3, (3), 195-213. doi:10.1016/0141-1136(80)90027-6. ECOREF#:5634",,,
7487947,Mercuric chloride,Mummichog,Feeding behavior,Predatory  behavior,NR,1990,3,"Weis,J.S., and A.A. Khan (1990). Effects of Mercury on the Feeding Behavior of the Mummichog, Fundulus heteroclitus from a Polluted Habitat. Mar. Environ. Res., 30, (4), 243-249. doi:10.1016/0141-1136(90)90001-5. ECOREF#:7644",,,
7487947,Mercuric chloride,Mummichog,Enzyme(s),RNase,NR,1970,1,"Jackim,E., J.M. Hamlin, and S. Sonis (1970). Effects of Metal Poisoning on Five Liver Enzymes in the Killifish (Fundulus heteroclitus). J. Fish. Res. Board Can., 27, (2), 383-390. doi:10.1139/f70-043. ECOREF#:9700",,,
7487947,Mercuric chloride,Mummichog,Enzyme(s),Enzyme activity,NR,1970,1,"Jackim,E., J.M. Hamlin, and S. Sonis (1970). Effects of Metal Poisoning on Five Liver Enzymes in the Killifish (Fundulus heteroclitus). J. Fish. Res. Board Can., 27, (2), 383-390. doi:10.1139/f70-043. ECOREF#:9700",,,
7487947,Mercuric chloride,Mummichog,Development,Deformation,NR,1977,1,"Weis,J.S., and P. Weis (1977). Effects of Heavy Metals on Development of the Killifish, Fundulus heterclitus. J. Fish Biol., 11, (1), 49-54. doi:10.1111/j.1095-8649.1977.tb04097.x. ECOREF#:45298",,,
7487947,Mercuric chloride,Mummichog,Accumulation,Residue,NR,1974,1,"Renfro,J.L., B. Schmidt-Nielsen, D. Miller, D. Benos, and J. Allen (1974). Methyl Mercury and Inorganic Mercury:  Uptake, Distribution, and Effect on Osmoregulatory Mechanisms in Fishes. In: F.J.Vernberg and W.B.Vernberg (Eds.), Pollution and Physiology of Mar.Organisms, Acad.Press, NY, 101-122. ECOREF#:8685",,,
7542098,Cobalt carbonate,Mummichog,Mortality,Mortality,LC50,1977,8,"Dorfman,D. (1977). Tolerance of Fundulus heteroclitus to Different Metals in Salt Waters. Bull. N. J. Acad. Sci., 22, (2), 21-23. ECOREF#:3731",,,
7631892,Sodium arsenate,Mummichog,Mortality,Mortality,NR-ZERO,2006,1,"Bears,H., J.G. Richards, and P.M. Schulte (2006). Arsenic Exposure Alters Hepatic Arsenic Species Composition and Stress-Mediated Gene Expression in the Common Killifish (Fundulus heteroclitus). Aquat. Toxicol., 77, (3), 257-266. doi:10.1016/j.aquatox.2005.12.008. ECOREF#:93752",,,
7631892,Sodium arsenate,Mummichog,Hormone(s),Cortisol,NOEC,2006,1,"Bears,H., J.G. Richards, and P.M. Schulte (2006). Arsenic Exposure Alters Hepatic Arsenic Species Composition and Stress-Mediated Gene Expression in the Common Killifish (Fundulus heteroclitus). Aquat. Toxicol., 77, (3), 257-266. doi:10.1016/j.aquatox.2005.12.008. ECOREF#:93752",,,
7631892,Sodium arsenate,Mummichog,Growth,Weight,NR,2006,1,"Bears,H., J.G. Richards, and P.M. Schulte (2006). Arsenic Exposure Alters Hepatic Arsenic Species Composition and Stress-Mediated Gene Expression in the Common Killifish (Fundulus heteroclitus). Aquat. Toxicol., 77, (3), 257-266. doi:10.1016/j.aquatox.2005.12.008. ECOREF#:93752",,,
7631892,Sodium arsenate,Mummichog,Genetics,Phosphoenolpyruvate carboxykinase 1 mRNA,NOEC,2006,1,"Bears,H., J.G. Richards, and P.M. Schulte (2006). Arsenic Exposure Alters Hepatic Arsenic Species Composition and Stress-Mediated Gene Expression in the Common Killifish (Fundulus heteroclitus). Aquat. Toxicol., 77, (3), 257-266. doi:10.1016/j.aquatox.2005.12.008. ECOREF#:93752",,,
7631892,Sodium arsenate,Mummichog,Genetics,Lactate Dehydrogenase B mRNA,NOEC,2006,1,"Bears,H., J.G. Richards, and P.M. Schulte (2006). Arsenic Exposure Alters Hepatic Arsenic Species Composition and Stress-Mediated Gene Expression in the Common Killifish (Fundulus heteroclitus). Aquat. Toxicol., 77, (3), 257-266. doi:10.1016/j.aquatox.2005.12.008. ECOREF#:93752",,,
7631892,Sodium arsenate,Mummichog,Genetics,Glucocorticoid receptor mRNA,NOEC,2006,1,"Bears,H., J.G. Richards, and P.M. Schulte (2006). Arsenic Exposure Alters Hepatic Arsenic Species Composition and Stress-Mediated Gene Expression in the Common Killifish (Fundulus heteroclitus). Aquat. Toxicol., 77, (3), 257-266. doi:10.1016/j.aquatox.2005.12.008. ECOREF#:93752",,,
7631892,Sodium arsenate,Mummichog,Feeding behavior,Food consumption,NR,2006,1,"Bears,H., J.G. Richards, and P.M. Schulte (2006). Arsenic Exposure Alters Hepatic Arsenic Species Composition and Stress-Mediated Gene Expression in the Common Killifish (Fundulus heteroclitus). Aquat. Toxicol., 77, (3), 257-266. doi:10.1016/j.aquatox.2005.12.008. ECOREF#:93752",,,
7631892,Sodium arsenate,Mummichog,Enzyme(s),Phosphoenolpyruvic acid,NOEC,2006,1,"Bears,H., J.G. Richards, and P.M. Schulte (2006). Arsenic Exposure Alters Hepatic Arsenic Species Composition and Stress-Mediated Gene Expression in the Common Killifish (Fundulus heteroclitus). Aquat. Toxicol., 77, (3), 257-266. doi:10.1016/j.aquatox.2005.12.008. ECOREF#:93752",,,
7631892,Sodium arsenate,Mummichog,Enzyme(s),Lactate dehydrogenase,LOEC,2006,1,"Bears,H., J.G. Richards, and P.M. Schulte (2006). Arsenic Exposure Alters Hepatic Arsenic Species Composition and Stress-Mediated Gene Expression in the Common Killifish (Fundulus heteroclitus). Aquat. Toxicol., 77, (3), 257-266. doi:10.1016/j.aquatox.2005.12.008. ECOREF#:93752",,,
7631892,Sodium arsenate,Mummichog,Biochemistry,Hematocrit (anemia),NOEC,2006,1,"Bears,H., J.G. Richards, and P.M. Schulte (2006). Arsenic Exposure Alters Hepatic Arsenic Species Composition and Stress-Mediated Gene Expression in the Common Killifish (Fundulus heteroclitus). Aquat. Toxicol., 77, (3), 257-266. doi:10.1016/j.aquatox.2005.12.008. ECOREF#:93752",,,
7631892,Sodium arsenate,Mummichog,Accumulation,Residue,LOEC,2006,1,"Bears,H., J.G. Richards, and P.M. Schulte (2006). Arsenic Exposure Alters Hepatic Arsenic Species Composition and Stress-Mediated Gene Expression in the Common Killifish (Fundulus heteroclitus). Aquat. Toxicol., 77, (3), 257-266. doi:10.1016/j.aquatox.2005.12.008. ECOREF#:93752",,,
7646799,Cobalt chloride,Mummichog,Mortality,Mortality,NR-ZERO,1974,1,"Eisler,R. (1974). Radiocadmium Exchange with Seawater by Fundulus heteroclitus (L.) (Pisces: Cyprinodontidae). J. Fish Biol., 6, 601-612. doi:10.1111/j.1095-8649.1974.tb05103.x. ECOREF#:14337",,,
7646799,Cobalt chloride,Mummichog,Mortality,Mortality,NR-LETH,1915,1,"Thomas,A. (1915). Effects of Certain Metallic Salts upon Fishes. Trans. Am. Fish. Soc., 44, (2), 120-124. doi:10.1577/1548-8659(1914)44[120:EOCMSU]2.0.CO;2. ECOREF#:2865",,,
7646799,Cobalt chloride,Mummichog,Mortality,Mortality,NR,1974,1,"Eisler,R. (1974). Radiocadmium Exchange with Seawater by Fundulus heteroclitus (L.) (Pisces: Cyprinodontidae). J. Fish Biol., 6, 601-612. doi:10.1111/j.1095-8649.1974.tb05103.x. ECOREF#:14337",,,
7646799,Cobalt chloride,Mummichog,Mortality,Mortality,LC50,1977,8,"Dorfman,D. (1977). Tolerance of Fundulus heteroclitus to Different Metals in Salt Waters. Bull. N. J. Acad. Sci., 22, (2), 21-23. ECOREF#:3731",,,
7646799,Cobalt chloride,Mummichog,Accumulation,Residue,BCF,1974,4,"Eisler,R. (1974). Radiocadmium Exchange with Seawater by Fundulus heteroclitus (L.) (Pisces: Cyprinodontidae). J. Fish Biol., 6, 601-612. doi:10.1111/j.1095-8649.1974.tb05103.x. ECOREF#:14337",,,
7646857,Zinc chloride,Mummichog,Physiology,Oxygen consumption,NR,1987,1,"Sauer,G.R. (1987). The Effect of Cadmium and Zinc on Calcium Uptake and Scale Regeneration in Fundulus heteroclitus. In: W.A.Vernberg, A.Calabrese, F.P.Thurberg, and F.J.Vernberg (Eds.), Pollution of Estuarine Organisms, Univ.of SC Press, Columbia, SC, 373-399. ECOREF#:4904",,,
7646857,Zinc chloride,Mummichog,Mortality,Mortality,LC50,2012,8,"Bielmyer,G.K., J.B. Bullington, C.A. Decarlo, S.J. Chalk, and K. Smith (2012). The Effects of Salinity on Acute Toxicity of Zinc to Two Euryhaline Species of Fish, Fundulus heteroclitus and Kryptolebias marmoratus. Integr. Comp. Biol., 52, (6), 753-760. doi:10.1093/icb/ics045. ECOREF#:193805",,,
7646857,Zinc chloride,Mummichog,Mortality,Mortality,LC50,1990,1,"Burton,D.T., and D.J. Fisher (1990). Acute Toxicity of Cadmium, Copper, Zinc, Ammonia, 3,3'-Dichlorobenzidine, 2,6-Dichloro-4-Nitroaniline, Methylene Chloride, and 2,4,6-Trichlorophenol to Juvenile Grass Shrimp and Killifish. Bull. Environ. Contam. Toxicol., 44, (5), 776-783. doi:10.1007/BF01701802. ECOREF#:3163",,,
7646857,Zinc chloride,Mummichog,Mortality,Mortality,LC50,1985,1,"Cardin,J.A. (1985). Acute Toxicity Data for Zinc and the Saltwater Fish, Fundulus heteroclitus, Menidia menidia and Pseudopleuronectes americanus. Memo to D.J.Hansen, U.S.EPA, Narragansett, RI, 5 p. ECOREF#:79648",,,
7646857,Zinc chloride,Mummichog,Mortality,Mortality,LC50,1977,8,"Dorfman,D. (1977). Tolerance of Fundulus heteroclitus to Different Metals in Salt Waters. Bull. N. J. Acad. Sci., 22, (2), 21-23. ECOREF#:3731",,,
7646857,Zinc chloride,Mummichog,Mortality,Mortality,LC50,1977,3,"Eisler,R., and R.J. Hennekey (1977). Acute Toxicities of Cd2+, Cr+6, Hg2+, Ni2+ and Zn2+ to Estuarine Macrofauna. Arch. Environ. Contam. Toxicol., 6, (2-3), 315-323. doi:10.1007/BF02097772. ECOREF#:2253",,,
7646857,Zinc chloride,Mummichog,Mortality,Mortality,LC50,1967,1,"Eisler,R. (1967). Acute Toxicity of Zinc to the Killfish, Fundulus heteroclitus. Chesapeake Sci., 8, 262-264. doi:10.2307/1350346. ECOREF#:14111",,,
7646857,Zinc chloride,Mummichog,Histology,"Histological changes, general",NR,1989,1,"Sauer,G.R., and N. Watabe (1989). Ultrastructural and Histochemical Aspects of Zinc Accumulation by Fish Scales. Tissue Cell, 21, (6), 935-943. doi:10.1016/0040-8166(89)90044-X. ECOREF#:137",,,
7646857,Zinc chloride,Mummichog,Histology,"Histological changes, general",NR,1987,1,"Sauer,G.R. (1987). The Effect of Cadmium and Zinc on Calcium Uptake and Scale Regeneration in Fundulus heteroclitus. In: W.A.Vernberg, A.Calabrese, F.P.Thurberg, and F.J.Vernberg (Eds.), Pollution of Estuarine Organisms, Univ.of SC Press, Columbia, SC, 373-399. ECOREF#:4904",,,
7646857,Zinc chloride,Mummichog,Growth,Limb/ body part regeneration,NR,1980,4,"Weis,P., and J.S. Weis (1980). Effect of Zinc on Fin Regeneration in the Mummichog Fundulus heteroclitus, and its Interaction with Methylmercury. Fish. Bull., 78, (1), 163-166. ECOREF#:9922",,,
7646857,Zinc chloride,Mummichog,Growth,Abnormal,NR,1981,1,"Weis,J.S., P. Weis, and J.L. Ricci (1981). Effects of Cadmium, Zinc, Salinity, and Temperature on the Teratogenicity of Methylmercury to the Killifish (Fundulus heteroclitus). Rapp. P. V. Reun. Comm. Int. Explor. Sci. Mer Mediterr. (Multiple Languages), 178, 64-70. ECOREF#:11419",,,
7646857,Zinc chloride,Mummichog,Enzyme(s),Enzyme activity,NR,1973,1,"Jackim,E. (1973). Influence of Lead and Other Metals on Fish Delta-Aminolevulinate Dehydrase Activity. J. Fish. Res. Board Can., 30, (4), 560-562. doi:10.1139/f73-096. ECOREF#:8868",,,
7646857,Zinc chloride,Mummichog,Biochemistry,General biochemical effect,NR,1987,2,"Sauer,G.R. (1987). The Effect of Cadmium and Zinc on Calcium Uptake and Scale Regeneration in Fundulus heteroclitus. In: W.A.Vernberg, A.Calabrese, F.P.Thurberg, and F.J.Vernberg (Eds.), Pollution of Estuarine Organisms, Univ.of SC Press, Columbia, SC, 373-399. ECOREF#:4904",,,
7646857,Zinc chloride,Mummichog,Accumulation,"Accumulation, general",NR,1989,1,"Sauer,G.R., and N. Watabe (1989). Temporal and Metal-Specific Patterns in the Accumulation of Heavy Metals by the Scales of Fundulus heteroclitus. Aquat. Toxicol., 14, (3), 233-248. doi:10.1016/0166-445X(89)90018-0. ECOREF#:3501",,,
7646857,Zinc chloride,Mummichog,Accumulation,"Accumulation, general",NR,1987,1,"Sauer,G.R. (1987). The Effect of Cadmium and Zinc on Calcium Uptake and Scale Regeneration in Fundulus heteroclitus. In: W.A.Vernberg, A.Calabrese, F.P.Thurberg, and F.J.Vernberg (Eds.), Pollution of Estuarine Organisms, Univ.of SC Press, Columbia, SC, 373-399. ECOREF#:4904",,,
7646857,Zinc chloride,Mummichog,Accumulation,"Accumulation, general",NR,1984,1,"Sauer,G.R., and N. Watabe (1984). Zinc Uptake and its Effect on Calcification in the Scales of the Mummichog, Fundulus heteroclitus. Aquat. Toxicol., 5, (1), 51-66. doi:10.1016/0166-445X(84)90031-6. ECOREF#:10110",,,
7646857,Zinc chloride,Mummichog,Accumulation,"Accumulation, general",NR,1973,1,"Eisler,R., and G.R. Gardner (1973). Acute Toxicology to an Estuarine Teleost of Mixtures of Cadmium, Copper and Zinc Salts. J. Fish Biol., 5, (2), 131-142. doi:10.1111/j.1095-8649.1973.tb04441.x. ECOREF#:8342",,,
7646857,Zinc chloride,Mummichog,Accumulation,"Accumulation, general",NR,1967,1,"Eisler,R. (1967). Acute Toxicity of Zinc to the Killfish, Fundulus heteroclitus. Chesapeake Sci., 8, 262-264. doi:10.2307/1350346. ECOREF#:14111",,,
7705080,Ferric chloride,Mummichog,Mortality,Mortality,LC50,1977,8,"Dorfman,D. (1977). Tolerance of Fundulus heteroclitus to Different Metals in Salt Waters. Bull. N. J. Acad. Sci., 22, (2), 21-23. ECOREF#:3731",,,
7718549,Nickel(II) chloride,Mummichog,Mortality,Mortality,NR,1974,2,"Eisler,R. (1974). Radiocadmium Exchange with Seawater by Fundulus heteroclitus (L.) (Pisces: Cyprinodontidae). J. Fish Biol., 6, 601-612. doi:10.1111/j.1095-8649.1974.tb05103.x. ECOREF#:14337",,,
7718549,Nickel(II) chloride,Mummichog,Mortality,Mortality,LC50,1977,3,"Eisler,R., and R.J. Hennekey (1977). Acute Toxicities of Cd2+, Cr+6, Hg2+, Ni2+ and Zn2+ to Estuarine Macrofauna. Arch. Environ. Contam. Toxicol., 6, (2-3), 315-323. doi:10.1007/BF02097772. ECOREF#:2253",,,
7718549,Nickel(II) chloride,Mummichog,Accumulation,Residue,BCF,1974,2,"Eisler,R. (1974). Radiocadmium Exchange with Seawater by Fundulus heteroclitus (L.) (Pisces: Cyprinodontidae). J. Fish Biol., 6, 601-612. doi:10.1111/j.1095-8649.1974.tb05103.x. ECOREF#:14337",,,
7733020,Zinc sulfate,Mummichog,Mortality,Survival,NOEL,2006,4,"Guy,C.P., A.E. Pinkney, and M.H. Taylor (2006). Effects of Sediment-Bound Zinc Contamination on Early Life Stages of the Mummichog (Fundulus heteroclitus L.) in the Christina Watershed, Delaware, USA. Environ. Toxicol. Chem., 25, (5), 1305-1311. doi:10.1897/05-249R.1. ECOREF#:101779",,,
7733020,Zinc sulfate,Mummichog,Mortality,Survival,LOEL,2006,4,"Guy,C.P., A.E. Pinkney, and M.H. Taylor (2006). Effects of Sediment-Bound Zinc Contamination on Early Life Stages of the Mummichog (Fundulus heteroclitus L.) in the Christina Watershed, Delaware, USA. Environ. Toxicol. Chem., 25, (5), 1305-1311. doi:10.1897/05-249R.1. ECOREF#:101779",,,
7733020,Zinc sulfate,Mummichog,Mortality,Mortality,NR-ZERO,2006,1,"Guy,C.P., A.E. Pinkney, and M.H. Taylor (2006). Effects of Sediment-Bound Zinc Contamination on Early Life Stages of the Mummichog (Fundulus heteroclitus L.) in the Christina Watershed, Delaware, USA. Environ. Toxicol. Chem., 25, (5), 1305-1311. doi:10.1897/05-249R.1. ECOREF#:101779",,,
7733020,Zinc sulfate,Mummichog,Mortality,Mortality,NR-LETH,2006,1,"Guy,C.P., A.E. Pinkney, and M.H. Taylor (2006). Effects of Sediment-Bound Zinc Contamination on Early Life Stages of the Mummichog (Fundulus heteroclitus L.) in the Christina Watershed, Delaware, USA. Environ. Toxicol. Chem., 25, (5), 1305-1311. doi:10.1897/05-249R.1. ECOREF#:101779",,,
7733020,Zinc sulfate,Mummichog,Mortality,Mortality,NR-LETH,1915,1,"Thomas,A. (1915). Effects of Certain Metallic Salts upon Fishes. Trans. Am. Fish. Soc., 44, (2), 120-124. doi:10.1577/1548-8659(1914)44[120:EOCMSU]2.0.CO;2. ECOREF#:2865",,,
7733020,Zinc sulfate,Mummichog,Mortality,Mortality,LC50,2006,2,"Guy,C.P., A.E. Pinkney, and M.H. Taylor (2006). Effects of Sediment-Bound Zinc Contamination on Early Life Stages of the Mummichog (Fundulus heteroclitus L.) in the Christina Watershed, Delaware, USA. Environ. Toxicol. Chem., 25, (5), 1305-1311. doi:10.1897/05-249R.1. ECOREF#:101779",,,
7733020,Zinc sulfate,Mummichog,Mortality,Mortality,LC50,1993,1,"Lin,H.C., and W.A. Dunson (1993). The Effect of Salinity on the Acute Toxicity of Cadmium to the Tropical, Estuarine, Hermaphroditic Fish, Rivulus marmoratus:  A Comparison of Cd, Cu, and Zn Tolerance with Fundulus heteroclitus. Arch. Environ. Contam. Toxicol., 25, (1), 41-47. doi:10.1007/BF00230709. ECOREF#:6784",,,
7733020,Zinc sulfate,Mummichog,Mortality,Mortality,LC50,1977,8,"Dorfman,D. (1977). Tolerance of Fundulus heteroclitus to Different Metals in Salt Waters. Bull. N. J. Acad. Sci., 22, (2), 21-23. ECOREF#:3731",,,
7758987,Copper sulfate (CuSO4),Mummichog,Mortality,Mortality,NR-LETH,1915,1,"Thomas,A. (1915). Effects of Certain Metallic Salts upon Fishes. Trans. Am. Fish. Soc., 44, (2), 120-124. doi:10.1577/1548-8659(1914)44[120:EOCMSU]2.0.CO;2. ECOREF#:2865",,,
7758987,Copper sulfate (CuSO4),Mummichog,Mortality,Mortality,NR,1915,1,"Thomas,A. (1915). Effects of Certain Metallic Salts upon Fishes. Trans. Am. Fish. Soc., 44, (2), 120-124. doi:10.1577/1548-8659(1914)44[120:EOCMSU]2.0.CO;2. ECOREF#:2865",,,
7758987,Copper sulfate (CuSO4),Mummichog,Mortality,Mortality,LC50,2007,7,"Grosell,M., J. Blanchard, K.V. Brix, and R. Gerdes (2007). Physiology is Pivotal for Interactions Between Salinity and Acute Copper Toxicity to Fish and Invertebrates. Aquat. Toxicol., 84, (2), 162-172. doi:10.1016/j.aquatox.2007.03.026. ECOREF#:105967",,,
7758987,Copper sulfate (CuSO4),Mummichog,Mortality,Mortality,LC50,1993,1,"Lin,H.C., and W.A. Dunson (1993). The Effect of Salinity on the Acute Toxicity of Cadmium to the Tropical, Estuarine, Hermaphroditic Fish, Rivulus marmoratus:  A Comparison of Cd, Cu, and Zn Tolerance with Fundulus heteroclitus. Arch. Environ. Contam. Toxicol., 25, (1), 41-47. doi:10.1007/BF00230709. ECOREF#:6784",,,
7758987,Copper sulfate (CuSO4),Mummichog,Mortality,Mortality,LC50,1990,1,"Burton,D.T., and D.J. Fisher (1990). Acute Toxicity of Cadmium, Copper, Zinc, Ammonia, 3,3'-Dichlorobenzidine, 2,6-Dichloro-4-Nitroaniline, Methylene Chloride, and 2,4,6-Trichlorophenol to Juvenile Grass Shrimp and Killifish. Bull. Environ. Contam. Toxicol., 44, (5), 776-783. doi:10.1007/BF01701802. ECOREF#:3163",,,
7758987,Copper sulfate (CuSO4),Mummichog,Mortality,Mortality,LC50,1977,8,"Dorfman,D. (1977). Tolerance of Fundulus heteroclitus to Different Metals in Salt Waters. Bull. N. J. Acad. Sci., 22, (2), 21-23. ECOREF#:3731",,,
7758987,Copper sulfate (CuSO4),Mummichog,Mortality,Mortality,LC50,1970,1,"Jackim,E., J.M. Hamlin, and S. Sonis (1970). Effects of Metal Poisoning on Five Liver Enzymes in the Killifish (Fundulus heteroclitus). J. Fish. Res. Board Can., 27, (2), 383-390. doi:10.1139/f70-043. ECOREF#:9700",,,
7758987,Copper sulfate (CuSO4),Mummichog,Enzyme(s),RNase,NR,1970,1,"Jackim,E., J.M. Hamlin, and S. Sonis (1970). Effects of Metal Poisoning on Five Liver Enzymes in the Killifish (Fundulus heteroclitus). J. Fish. Res. Board Can., 27, (2), 383-390. doi:10.1139/f70-043. ECOREF#:9700",,,
7758987,Copper sulfate (CuSO4),Mummichog,Enzyme(s),Enzyme activity,NR,1970,1,"Jackim,E., J.M. Hamlin, and S. Sonis (1970). Effects of Metal Poisoning on Five Liver Enzymes in the Killifish (Fundulus heteroclitus). J. Fish. Res. Board Can., 27, (2), 383-390. doi:10.1139/f70-043. ECOREF#:9700",,,
7758987,Copper sulfate (CuSO4),Mummichog,Accumulation,Residue,NR,1915,1,"Thomas,A. (1915). Effects of Certain Metallic Salts upon Fishes. Trans. Am. Fish. Soc., 44, (2), 120-124. doi:10.1577/1548-8659(1914)44[120:EOCMSU]2.0.CO;2. ECOREF#:2865",,,
7758987,Copper sulfate (CuSO4),Mummichog,Accumulation,"Accumulation, general",NR,1982,1,"Bennett,R.O., and J.K. Dooley (1982). Copper Uptake by Two Sympatric Species of Killifish Fundulus heteroclitus (L.)and F. majalis (Walbaum). J. Fish Biol., 21, (4), 381-398. doi:10.1111/j.1095-8649.1982.tb02843.x. ECOREF#:10491",,,
7778509,Potassium dichromate,Mummichog,Mortality,Survival,NR,1915,1,"Thomas,A. (1915). Effects of Certain Metallic Salts upon Fishes. Trans. Am. Fish. Soc., 44, (2), 120-124. doi:10.1577/1548-8659(1914)44[120:EOCMSU]2.0.CO;2. ECOREF#:2865",,,
7778509,Potassium dichromate,Mummichog,Accumulation,Residue,NR,1915,1,"Thomas,A. (1915). Effects of Certain Metallic Salts upon Fishes. Trans. Am. Fish. Soc., 44, (2), 120-124. doi:10.1577/1548-8659(1914)44[120:EOCMSU]2.0.CO;2. ECOREF#:2865",,,
7783360,Mercury sulfate (Hg2(SO4)),Mummichog,Mortality,Mortality,LC50,1977,8,"Dorfman,D. (1977). Tolerance of Fundulus heteroclitus to Different Metals in Salt Waters. Bull. N. J. Acad. Sci., 22, (2), 21-23. ECOREF#:3731",,,
7784250,Aluminum ammonium sulfate,Mummichog,Mortality,Mortality,LC50,1977,8,"Dorfman,D. (1977). Tolerance of Fundulus heteroclitus to Different Metals in Salt Waters. Bull. N. J. Acad. Sci., 22, (2), 21-23. ECOREF#:3731",,,
7784465,Sodium arsenite (NaAsO2),Mummichog,Reproduction,Viability,NOEC,2007,1,"Gonzalez,H. (2007). Differential Gene Expression in Fundulus heteroclitus Due to Arsenic Exposure. Ph.D.Thesis, University of Texas, El Paso, TX, 107 p. ECOREF#:192296",,,
7784465,Sodium arsenite (NaAsO2),Mummichog,Reproduction,Viability,NOEC,2006,1,"Gonzalez,H.O., J.A. Roling, W.S. Baldwin, and L.J. Bain (2006). Physiological Changes and Differential Gene Expression in Mummichogs (Fundulus heteroclitus) Exposed to Arsenic. Aquat. Toxicol., 77, (1), 43-52. doi:10.1016/j.aquatox.2005.10.014. ECOREF#:89733",,,
7784465,Sodium arsenite (NaAsO2),Mummichog,Reproduction,Progeny counts/numbers,NOEC,2007,1,"Gonzalez,H. (2007). Differential Gene Expression in Fundulus heteroclitus Due to Arsenic Exposure. Ph.D.Thesis, University of Texas, El Paso, TX, 107 p. ECOREF#:192296",,,
7784465,Sodium arsenite (NaAsO2),Mummichog,Reproduction,Progeny counts/numbers,NOEC,2006,1,"Gonzalez,H.O., J.A. Roling, W.S. Baldwin, and L.J. Bain (2006). Physiological Changes and Differential Gene Expression in Mummichogs (Fundulus heteroclitus) Exposed to Arsenic. Aquat. Toxicol., 77, (1), 43-52. doi:10.1016/j.aquatox.2005.10.014. ECOREF#:89733",,,
7784465,Sodium arsenite (NaAsO2),Mummichog,Reproduction,Hatch,NOEC,2007,1,"Gonzalez,H. (2007). Differential Gene Expression in Fundulus heteroclitus Due to Arsenic Exposure. Ph.D.Thesis, University of Texas, El Paso, TX, 107 p. ECOREF#:192296",,,
7784465,Sodium arsenite (NaAsO2),Mummichog,Reproduction,Hatch,NOEC,2006,1,"Gonzalez,H.O., J.A. Roling, W.S. Baldwin, and L.J. Bain (2006). Physiological Changes and Differential Gene Expression in Mummichogs (Fundulus heteroclitus) Exposed to Arsenic. Aquat. Toxicol., 77, (1), 43-52. doi:10.1016/j.aquatox.2005.10.014. ECOREF#:89733",,,
7784465,Sodium arsenite (NaAsO2),Mummichog,Mortality,Survival,NR,2006,1,"Gonzalez,H.O., J.A. Roling, W.S. Baldwin, and L.J. Bain (2006). Physiological Changes and Differential Gene Expression in Mummichogs (Fundulus heteroclitus) Exposed to Arsenic. Aquat. Toxicol., 77, (1), 43-52. doi:10.1016/j.aquatox.2005.10.014. ECOREF#:89733",,,
7784465,Sodium arsenite (NaAsO2),Mummichog,Mortality,Survival,NOEC,2010,1,"Gonzalez,H.O., J. Hu, K.M. Gaworecki, J.A. Roling, W.S. Baldwin, J.L. Gardea-Torresdey, and L.J. Bain (2010). Dose-Responsive Gene Expression Changes in Juvenile and Adult Mummichogs (Fundulus heteroclitus) After Arsenic Exposure. Mar. Environ. Res., 70, (2), 133-141. doi:10.1016/j.marenvres.2010.04.003. ECOREF#:151954",,,
7784465,Sodium arsenite (NaAsO2),Mummichog,Mortality,Mortality,NOEC,2014,1,"D'Amico,A.R., A.W. Gibson, and L.J. Bain (2014). Embryonic Arsenic Exposure Reduces the Number of Muscle Fibers in Killifish (Fundulus heteroclitus). Aquat. Toxicol., 146, 196-204. doi:10.1016/j.aquatox.2013.11.010. ECOREF#:191802",,,
7784465,Sodium arsenite (NaAsO2),Mummichog,Mortality,Mortality,NOEC,2007,8,"Shaw,J.R., K. Gabor, E. Hand, A. Lankowski, L. Durant, R. Thibodeau, C.R. Stanton, R. Barnaby, B. Coutermarsh, K.H. Kar (2007). Role of Glucocorticoid Receptor in Acclimation of Killifish (Fundulus heteroclitus) to Seawater and Effects of Arsenic. Am. J. Physiol., Regul. Integr. Comp. Physiol., 292, (2), R1052 - R1060. doi:10.1152/ajpregu.00328.2006. ECOREF#:101073",,,
7784465,Sodium arsenite (NaAsO2),Mummichog,Mortality,Mortality,LOEC,2014,2,"D'Amico,A.R., A.W. Gibson, and L.J. Bain (2014). Embryonic Arsenic Exposure Reduces the Number of Muscle Fibers in Killifish (Fundulus heteroclitus). Aquat. Toxicol., 146, 196-204. doi:10.1016/j.aquatox.2013.11.010. ECOREF#:191802",,,
7784465,Sodium arsenite (NaAsO2),Mummichog,Mortality,Mortality,LOEC,2007,3,"Shaw,J.R., K. Gabor, E. Hand, A. Lankowski, L. Durant, R. Thibodeau, C.R. Stanton, R. Barnaby, B. Coutermarsh, K.H. Kar (2007). Role of Glucocorticoid Receptor in Acclimation of Killifish (Fundulus heteroclitus) to Seawater and Effects of Arsenic. Am. J. Physiol., Regul. Integr. Comp. Physiol., 292, (2), R1052 - R1060. doi:10.1152/ajpregu.00328.2006. ECOREF#:101073",,,
7784465,Sodium arsenite (NaAsO2),Mummichog,Mortality,Mortality,LC50,2007,3,"Shaw,J.R., K. Gabor, E. Hand, A. Lankowski, L. Durant, R. Thibodeau, C.R. Stanton, R. Barnaby, B. Coutermarsh, K.H. Kar (2007). Role of Glucocorticoid Receptor in Acclimation of Killifish (Fundulus heteroclitus) to Seawater and Effects of Arsenic. Am. J. Physiol., Regul. Integr. Comp. Physiol., 292, (2), R1052 - R1060. doi:10.1152/ajpregu.00328.2006. ECOREF#:101073",,,
7784465,Sodium arsenite (NaAsO2),Mummichog,Mortality,Mortality,LC10,2007,3,"Shaw,J.R., K. Gabor, E. Hand, A. Lankowski, L. Durant, R. Thibodeau, C.R. Stanton, R. Barnaby, B. Coutermarsh, K.H. Kar (2007). Role of Glucocorticoid Receptor in Acclimation of Killifish (Fundulus heteroclitus) to Seawater and Effects of Arsenic. Am. J. Physiol., Regul. Integr. Comp. Physiol., 292, (2), R1052 - R1060. doi:10.1152/ajpregu.00328.2006. ECOREF#:101073",,,
7784465,Sodium arsenite (NaAsO2),Mummichog,Mortality,Hatch,NOEC,2012,2,"Gaworecki,K.M., R.W. Chapman, M.G. Neely, A.R. D'Amico, and L.J. Bain (2012). Arsenic Exposure to Killifish During Embryogenesis Alters Muscle Development. Toxicol. Sci., 125, (2), 522-531. doi:10.1093/toxsci/kfr302. ECOREF#:191826",,,
7784465,Sodium arsenite (NaAsO2),Mummichog,Mortality,Hatch,LOEC,2012,1,"Gaworecki,K.M., R.W. Chapman, M.G. Neely, A.R. D'Amico, and L.J. Bain (2012). Arsenic Exposure to Killifish During Embryogenesis Alters Muscle Development. Toxicol. Sci., 125, (2), 522-531. doi:10.1093/toxsci/kfr302. ECOREF#:191826",,,
7784465,Sodium arsenite (NaAsO2),Mummichog,Morphology,Quantity,NOEC,2012,1,"Gaworecki,K.M., R.W. Chapman, M.G. Neely, A.R. D'Amico, and L.J. Bain (2012). Arsenic Exposure to Killifish During Embryogenesis Alters Muscle Development. Toxicol. Sci., 125, (2), 522-531. doi:10.1093/toxsci/kfr302. ECOREF#:191826",,,
7784465,Sodium arsenite (NaAsO2),Mummichog,Morphology,Diameter,NOEC,2012,2,"Gaworecki,K.M., R.W. Chapman, M.G. Neely, A.R. D'Amico, and L.J. Bain (2012). Arsenic Exposure to Killifish During Embryogenesis Alters Muscle Development. Toxicol. Sci., 125, (2), 522-531. doi:10.1093/toxsci/kfr302. ECOREF#:191826",,,
7784465,Sodium arsenite (NaAsO2),Mummichog,Morphology,Diameter,LOEC,2012,4,"Gaworecki,K.M., R.W. Chapman, M.G. Neely, A.R. D'Amico, and L.J. Bain (2012). Arsenic Exposure to Killifish During Embryogenesis Alters Muscle Development. Toxicol. Sci., 125, (2), 522-531. doi:10.1093/toxsci/kfr302. ECOREF#:191826",,,
7784465,Sodium arsenite (NaAsO2),Mummichog,Histology,Ultrastructural changes,NR,2014,2,"D'Amico,A.R., A.W. Gibson, and L.J. Bain (2014). Embryonic Arsenic Exposure Reduces the Number of Muscle Fibers in Killifish (Fundulus heteroclitus). Aquat. Toxicol., 146, 196-204. doi:10.1016/j.aquatox.2013.11.010. ECOREF#:191802",,,
7784465,Sodium arsenite (NaAsO2),Mummichog,Growth,Weight,NOEC,2014,6,"D'Amico,A.R., A.W. Gibson, and L.J. Bain (2014). Embryonic Arsenic Exposure Reduces the Number of Muscle Fibers in Killifish (Fundulus heteroclitus). Aquat. Toxicol., 146, 196-204. doi:10.1016/j.aquatox.2013.11.010. ECOREF#:191802",,,
7784465,Sodium arsenite (NaAsO2),Mummichog,Growth,Weight,LOEC,2014,6,"D'Amico,A.R., A.W. Gibson, and L.J. Bain (2014). Embryonic Arsenic Exposure Reduces the Number of Muscle Fibers in Killifish (Fundulus heteroclitus). Aquat. Toxicol., 146, 196-204. doi:10.1016/j.aquatox.2013.11.010. ECOREF#:191802",,,
7784465,Sodium arsenite (NaAsO2),Mummichog,Growth,Length,NR,2014,1,"D'Amico,A.R., A.W. Gibson, and L.J. Bain (2014). Embryonic Arsenic Exposure Reduces the Number of Muscle Fibers in Killifish (Fundulus heteroclitus). Aquat. Toxicol., 146, 196-204. doi:10.1016/j.aquatox.2013.11.010. ECOREF#:191802",,,
7784465,Sodium arsenite (NaAsO2),Mummichog,Growth,Length,NOEC,2014,5,"D'Amico,A.R., A.W. Gibson, and L.J. Bain (2014). Embryonic Arsenic Exposure Reduces the Number of Muscle Fibers in Killifish (Fundulus heteroclitus). Aquat. Toxicol., 146, 196-204. doi:10.1016/j.aquatox.2013.11.010. ECOREF#:191802",,,
7784465,Sodium arsenite (NaAsO2),Mummichog,Growth,Length,LOEC,2014,5,"D'Amico,A.R., A.W. Gibson, and L.J. Bain (2014). Embryonic Arsenic Exposure Reduces the Number of Muscle Fibers in Killifish (Fundulus heteroclitus). Aquat. Toxicol., 146, 196-204. doi:10.1016/j.aquatox.2013.11.010. ECOREF#:191802",,,
7784465,Sodium arsenite (NaAsO2),Mummichog,Growth,Condition index,NOEC,2012,1,"Gaworecki,K.M., R.W. Chapman, M.G. Neely, A.R. D'Amico, and L.J. Bain (2012). Arsenic Exposure to Killifish During Embryogenesis Alters Muscle Development. Toxicol. Sci., 125, (2), 522-531. doi:10.1093/toxsci/kfr302. ECOREF#:191826",,,
7784465,Sodium arsenite (NaAsO2),Mummichog,Genetics,"Troponin C2, fast skeletal type, tandem duplicate 2 mRNA",NOEC,2012,3,"Gaworecki,K.M., R.W. Chapman, M.G. Neely, A.R. D'Amico, and L.J. Bain (2012). Arsenic Exposure to Killifish During Embryogenesis Alters Muscle Development. Toxicol. Sci., 125, (2), 522-531. doi:10.1093/toxsci/kfr302. ECOREF#:191826",,,
7784465,Sodium arsenite (NaAsO2),Mummichog,Genetics,Na+ K+ ATPase mRNA,NOEC,2007,5,"Shaw,J.R., K. Gabor, E. Hand, A. Lankowski, L. Durant, R. Thibodeau, C.R. Stanton, R. Barnaby, B. Coutermarsh, K.H. Kar (2007). Role of Glucocorticoid Receptor in Acclimation of Killifish (Fundulus heteroclitus) to Seawater and Effects of Arsenic. Am. J. Physiol., Regul. Integr. Comp. Physiol., 292, (2), R1052 - R1060. doi:10.1152/ajpregu.00328.2006. ECOREF#:101073",,,
7784465,Sodium arsenite (NaAsO2),Mummichog,Genetics,Na+ K+ 2Cl- Cotransporter mRNA,NOEC,2007,5,"Shaw,J.R., K. Gabor, E. Hand, A. Lankowski, L. Durant, R. Thibodeau, C.R. Stanton, R. Barnaby, B. Coutermarsh, K.H. Kar (2007). Role of Glucocorticoid Receptor in Acclimation of Killifish (Fundulus heteroclitus) to Seawater and Effects of Arsenic. Am. J. Physiol., Regul. Integr. Comp. Physiol., 292, (2), R1052 - R1060. doi:10.1152/ajpregu.00328.2006. ECOREF#:101073",,,
7784465,Sodium arsenite (NaAsO2),Mummichog,Genetics,Myosin regulatory light chain 2 mRNA,LOEC,2012,1,"Gaworecki,K.M., R.W. Chapman, M.G. Neely, A.R. D'Amico, and L.J. Bain (2012). Arsenic Exposure to Killifish During Embryogenesis Alters Muscle Development. Toxicol. Sci., 125, (2), 522-531. doi:10.1093/toxsci/kfr302. ECOREF#:191826",,,
7784465,Sodium arsenite (NaAsO2),Mummichog,Genetics,Myosin heavy chain mRNA,LOEC,2012,1,"Gaworecki,K.M., R.W. Chapman, M.G. Neely, A.R. D'Amico, and L.J. Bain (2012). Arsenic Exposure to Killifish During Embryogenesis Alters Muscle Development. Toxicol. Sci., 125, (2), 522-531. doi:10.1093/toxsci/kfr302. ECOREF#:191826",,,
7784465,Sodium arsenite (NaAsO2),Mummichog,Genetics,Gene expression,LOEC,2010,2,"Gonzalez,H.O., J. Hu, K.M. Gaworecki, J.A. Roling, W.S. Baldwin, J.L. Gardea-Torresdey, and L.J. Bain (2010). Dose-Responsive Gene Expression Changes in Juvenile and Adult Mummichogs (Fundulus heteroclitus) After Arsenic Exposure. Mar. Environ. Res., 70, (2), 133-141. doi:10.1016/j.marenvres.2010.04.003. ECOREF#:151954",,,
7784465,Sodium arsenite (NaAsO2),Mummichog,Genetics,Fetuin B mRNA,NOEC,2012,2,"Gaworecki,K.M., R.W. Chapman, M.G. Neely, A.R. D'Amico, and L.J. Bain (2012). Arsenic Exposure to Killifish During Embryogenesis Alters Muscle Development. Toxicol. Sci., 125, (2), 522-531. doi:10.1093/toxsci/kfr302. ECOREF#:191826",,,
7784465,Sodium arsenite (NaAsO2),Mummichog,Genetics,Fetuin B mRNA,LOEC,2012,1,"Gaworecki,K.M., R.W. Chapman, M.G. Neely, A.R. D'Amico, and L.J. Bain (2012). Arsenic Exposure to Killifish During Embryogenesis Alters Muscle Development. Toxicol. Sci., 125, (2), 522-531. doi:10.1093/toxsci/kfr302. ECOREF#:191826",,,
7784465,Sodium arsenite (NaAsO2),Mummichog,Genetics,F-actin-capping protein subunit beta mRNA,NOEC,2012,2,"Gaworecki,K.M., R.W. Chapman, M.G. Neely, A.R. D'Amico, and L.J. Bain (2012). Arsenic Exposure to Killifish During Embryogenesis Alters Muscle Development. Toxicol. Sci., 125, (2), 522-531. doi:10.1093/toxsci/kfr302. ECOREF#:191826",,,
7784465,Sodium arsenite (NaAsO2),Mummichog,Genetics,F-actin-capping protein subunit beta mRNA,LOEC,2012,2,"Gaworecki,K.M., R.W. Chapman, M.G. Neely, A.R. D'Amico, and L.J. Bain (2012). Arsenic Exposure to Killifish During Embryogenesis Alters Muscle Development. Toxicol. Sci., 125, (2), 522-531. doi:10.1093/toxsci/kfr302. ECOREF#:191826",,,
7784465,Sodium arsenite (NaAsO2),Mummichog,Genetics,Cystic Fibrosis Transmembrane Conductance Regulator mRNA,NOEC,2007,1,"Shaw,J.R., K. Gabor, E. Hand, A. Lankowski, L. Durant, R. Thibodeau, C.R. Stanton, R. Barnaby, B. Coutermarsh, K.H. Kar (2007). Role of Glucocorticoid Receptor in Acclimation of Killifish (Fundulus heteroclitus) to Seawater and Effects of Arsenic. Am. J. Physiol., Regul. Integr. Comp. Physiol., 292, (2), R1052 - R1060. doi:10.1152/ajpregu.00328.2006. ECOREF#:101073",,,
7784465,Sodium arsenite (NaAsO2),Mummichog,Genetics,Cystic Fibrosis Transmembrane Conductance Regulator mRNA,LOEC,2007,4,"Shaw,J.R., K. Gabor, E. Hand, A. Lankowski, L. Durant, R. Thibodeau, C.R. Stanton, R. Barnaby, B. Coutermarsh, K.H. Kar (2007). Role of Glucocorticoid Receptor in Acclimation of Killifish (Fundulus heteroclitus) to Seawater and Effects of Arsenic. Am. J. Physiol., Regul. Integr. Comp. Physiol., 292, (2), R1052 - R1060. doi:10.1152/ajpregu.00328.2006. ECOREF#:101073",,,
7784465,Sodium arsenite (NaAsO2),Mummichog,Genetics,Cyclin D1 mRNA,NOEC,2012,2,"Gaworecki,K.M., R.W. Chapman, M.G. Neely, A.R. D'Amico, and L.J. Bain (2012). Arsenic Exposure to Killifish During Embryogenesis Alters Muscle Development. Toxicol. Sci., 125, (2), 522-531. doi:10.1093/toxsci/kfr302. ECOREF#:191826",,,
7784465,Sodium arsenite (NaAsO2),Mummichog,Genetics,Cyclin D1 mRNA,LOEC,2012,1,"Gaworecki,K.M., R.W. Chapman, M.G. Neely, A.R. D'Amico, and L.J. Bain (2012). Arsenic Exposure to Killifish During Embryogenesis Alters Muscle Development. Toxicol. Sci., 125, (2), 522-531. doi:10.1093/toxsci/kfr302. ECOREF#:191826",,,
7784465,Sodium arsenite (NaAsO2),Mummichog,Development,Abnormal,NOEC,2010,2,"Gonzalez,H.O., J. Hu, K.M. Gaworecki, J.A. Roling, W.S. Baldwin, J.L. Gardea-Torresdey, and L.J. Bain (2010). Dose-Responsive Gene Expression Changes in Juvenile and Adult Mummichogs (Fundulus heteroclitus) After Arsenic Exposure. Mar. Environ. Res., 70, (2), 133-141. doi:10.1016/j.marenvres.2010.04.003. ECOREF#:151954",,,
7784465,Sodium arsenite (NaAsO2),Mummichog,Development,Abnormal,LOEC,2010,2,"Gonzalez,H.O., J. Hu, K.M. Gaworecki, J.A. Roling, W.S. Baldwin, J.L. Gardea-Torresdey, and L.J. Bain (2010). Dose-Responsive Gene Expression Changes in Juvenile and Adult Mummichogs (Fundulus heteroclitus) After Arsenic Exposure. Mar. Environ. Res., 70, (2), 133-141. doi:10.1016/j.marenvres.2010.04.003. ECOREF#:151954",,,
7784465,Sodium arsenite (NaAsO2),Mummichog,Cell(s),Diameter,NR,2014,7,"D'Amico,A.R., A.W. Gibson, and L.J. Bain (2014). Embryonic Arsenic Exposure Reduces the Number of Muscle Fibers in Killifish (Fundulus heteroclitus). Aquat. Toxicol., 146, 196-204. doi:10.1016/j.aquatox.2013.11.010. ECOREF#:191802",,,
7784465,Sodium arsenite (NaAsO2),Mummichog,Cell(s),Diameter,NOEC,2014,21,"D'Amico,A.R., A.W. Gibson, and L.J. Bain (2014). Embryonic Arsenic Exposure Reduces the Number of Muscle Fibers in Killifish (Fundulus heteroclitus). Aquat. Toxicol., 146, 196-204. doi:10.1016/j.aquatox.2013.11.010. ECOREF#:191802",,,
7784465,Sodium arsenite (NaAsO2),Mummichog,Cell(s),Diameter,LOEC,2014,39,"D'Amico,A.R., A.W. Gibson, and L.J. Bain (2014). Embryonic Arsenic Exposure Reduces the Number of Muscle Fibers in Killifish (Fundulus heteroclitus). Aquat. Toxicol., 146, 196-204. doi:10.1016/j.aquatox.2013.11.010. ECOREF#:191802",,,
7784465,Sodium arsenite (NaAsO2),Mummichog,Cell(s),Density,NOEC,2014,2,"D'Amico,A.R., A.W. Gibson, and L.J. Bain (2014). Embryonic Arsenic Exposure Reduces the Number of Muscle Fibers in Killifish (Fundulus heteroclitus). Aquat. Toxicol., 146, 196-204. doi:10.1016/j.aquatox.2013.11.010. ECOREF#:191802",,,
7784465,Sodium arsenite (NaAsO2),Mummichog,Cell(s),Density,LOEC,2014,4,"D'Amico,A.R., A.W. Gibson, and L.J. Bain (2014). Embryonic Arsenic Exposure Reduces the Number of Muscle Fibers in Killifish (Fundulus heteroclitus). Aquat. Toxicol., 146, 196-204. doi:10.1016/j.aquatox.2013.11.010. ECOREF#:191802",,,
7784465,Sodium arsenite (NaAsO2),Mummichog,Biochemistry,Protein content,NOEC,2007,10,"Shaw,J.R., K. Gabor, E. Hand, A. Lankowski, L. Durant, R. Thibodeau, C.R. Stanton, R. Barnaby, B. Coutermarsh, K.H. Kar (2007). Role of Glucocorticoid Receptor in Acclimation of Killifish (Fundulus heteroclitus) to Seawater and Effects of Arsenic. Am. J. Physiol., Regul. Integr. Comp. Physiol., 292, (2), R1052 - R1060. doi:10.1152/ajpregu.00328.2006. ECOREF#:101073",,,
7784465,Sodium arsenite (NaAsO2),Mummichog,Biochemistry,Chlorine concentration,NOEC,2007,1,"Shaw,J.R., K. Gabor, E. Hand, A. Lankowski, L. Durant, R. Thibodeau, C.R. Stanton, R. Barnaby, B. Coutermarsh, K.H. Kar (2007). Role of Glucocorticoid Receptor in Acclimation of Killifish (Fundulus heteroclitus) to Seawater and Effects of Arsenic. Am. J. Physiol., Regul. Integr. Comp. Physiol., 292, (2), R1052 - R1060. doi:10.1152/ajpregu.00328.2006. ECOREF#:101073",,,
7784465,Sodium arsenite (NaAsO2),Mummichog,Biochemistry,Chlorine concentration,LOEC,2007,1,"Shaw,J.R., K. Gabor, E. Hand, A. Lankowski, L. Durant, R. Thibodeau, C.R. Stanton, R. Barnaby, B. Coutermarsh, K.H. Kar (2007). Role of Glucocorticoid Receptor in Acclimation of Killifish (Fundulus heteroclitus) to Seawater and Effects of Arsenic. Am. J. Physiol., Regul. Integr. Comp. Physiol., 292, (2), R1052 - R1060. doi:10.1152/ajpregu.00328.2006. ECOREF#:101073",,,
7784465,Sodium arsenite (NaAsO2),Mummichog,Biochemistry,Actin,NOEC,2007,4,"Shaw,J.R., K. Gabor, E. Hand, A. Lankowski, L. Durant, R. Thibodeau, C.R. Stanton, R. Barnaby, B. Coutermarsh, K.H. Kar (2007). Role of Glucocorticoid Receptor in Acclimation of Killifish (Fundulus heteroclitus) to Seawater and Effects of Arsenic. Am. J. Physiol., Regul. Integr. Comp. Physiol., 292, (2), R1052 - R1060. doi:10.1152/ajpregu.00328.2006. ECOREF#:101073",,,
7784465,Sodium arsenite (NaAsO2),Mummichog,Accumulation,Residue,NOEC,2012,1,"Gaworecki,K.M., R.W. Chapman, M.G. Neely, A.R. D'Amico, and L.J. Bain (2012). Arsenic Exposure to Killifish During Embryogenesis Alters Muscle Development. Toxicol. Sci., 125, (2), 522-531. doi:10.1093/toxsci/kfr302. ECOREF#:191826",,,
7784465,Sodium arsenite (NaAsO2),Mummichog,Accumulation,Residue,LOEC,2014,1,"D'Amico,A.R., A.W. Gibson, and L.J. Bain (2014). Embryonic Arsenic Exposure Reduces the Number of Muscle Fibers in Killifish (Fundulus heteroclitus). Aquat. Toxicol., 146, 196-204. doi:10.1016/j.aquatox.2013.11.010. ECOREF#:191802",,,
7784465,Sodium arsenite (NaAsO2),Mummichog,Accumulation,Residue,LOEC,2012,1,"Gaworecki,K.M., R.W. Chapman, M.G. Neely, A.R. D'Amico, and L.J. Bain (2012). Arsenic Exposure to Killifish During Embryogenesis Alters Muscle Development. Toxicol. Sci., 125, (2), 522-531. doi:10.1093/toxsci/kfr302. ECOREF#:191826",,,
7784465,Sodium arsenite (NaAsO2),Mummichog,Accumulation,Residue,LOEC,2010,1,"Gonzalez,H.O., J. Hu, K.M. Gaworecki, J.A. Roling, W.S. Baldwin, J.L. Gardea-Torresdey, and L.J. Bain (2010). Dose-Responsive Gene Expression Changes in Juvenile and Adult Mummichogs (Fundulus heteroclitus) After Arsenic Exposure. Mar. Environ. Res., 70, (2), 133-141. doi:10.1016/j.marenvres.2010.04.003. ECOREF#:151954",,,
7784465,Sodium arsenite (NaAsO2),Mummichog,Accumulation,Residue,LOEC,2007,1,"Shaw,J.R., K. Gabor, E. Hand, A. Lankowski, L. Durant, R. Thibodeau, C.R. Stanton, R. Barnaby, B. Coutermarsh, K.H. Kar (2007). Role of Glucocorticoid Receptor in Acclimation of Killifish (Fundulus heteroclitus) to Seawater and Effects of Arsenic. Am. J. Physiol., Regul. Integr. Comp. Physiol., 292, (2), R1052 - R1060. doi:10.1152/ajpregu.00328.2006. ECOREF#:101073",,,
7784465,Sodium arsenite (NaAsO2),Mummichog,Accumulation,Residue,LOEC,2006,1,"Gonzalez,H.O., J.A. Roling, W.S. Baldwin, and L.J. Bain (2006). Physiological Changes and Differential Gene Expression in Mummichogs (Fundulus heteroclitus) Exposed to Arsenic. Aquat. Toxicol., 77, (1), 43-52. doi:10.1016/j.aquatox.2005.10.014. ECOREF#:89733",,,
7789006,Potassium chromate,Mummichog,Mortality,Mortality,LC50,1977,8,"Dorfman,D. (1977). Tolerance of Fundulus heteroclitus to Different Metals in Salt Waters. Bull. N. J. Acad. Sci., 22, (2), 21-23. ECOREF#:3731",,,
7789006,Potassium chromate,Mummichog,Mortality,Mortality,LC50,1977,3,"Eisler,R., and R.J. Hennekey (1977). Acute Toxicities of Cd2+, Cr+6, Hg2+, Ni2+ and Zn2+ to Estuarine Macrofauna. Arch. Environ. Contam. Toxicol., 6, (2-3), 315-323. doi:10.1007/BF02097772. ECOREF#:2253",,,
7803556,Ammonium metavanadate,Mummichog,Mortality,Mortality,LC50,1977,8,"Dorfman,D. (1977). Tolerance of Fundulus heteroclitus to Different Metals in Salt Waters. Bull. N. J. Acad. Sci., 22, (2), 21-23. ECOREF#:3731",,,
10043013,Aluminum sulfate (Al2(SO4)3),Mummichog,Mortality,Mortality,NR,1915,1,"Thomas,A. (1915). Effects of Certain Metallic Salts upon Fishes. Trans. Am. Fish. Soc., 44, (2), 120-124. doi:10.1577/1548-8659(1914)44[120:EOCMSU]2.0.CO;2. ECOREF#:2865",,,
10045893,Ferrous ammonium sulfate,Mummichog,Mortality,Mortality,LC50,1977,8,"Dorfman,D. (1977). Tolerance of Fundulus heteroclitus to Different Metals in Salt Waters. Bull. N. J. Acad. Sci., 22, (2), 21-23. ECOREF#:3731",,,
10099748,Lead nitrate,Mummichog,Mortality,Mortality,NR-LETH,1915,1,"Thomas,A. (1915). Effects of Certain Metallic Salts upon Fishes. Trans. Am. Fish. Soc., 44, (2), 120-124. doi:10.1577/1548-8659(1914)44[120:EOCMSU]2.0.CO;2. ECOREF#:2865",,,
10099748,Lead nitrate,Mummichog,Mortality,Mortality,LC50,1977,8,"Dorfman,D. (1977). Tolerance of Fundulus heteroclitus to Different Metals in Salt Waters. Bull. N. J. Acad. Sci., 22, (2), 21-23. ECOREF#:3731",,,
10099748,Lead nitrate,Mummichog,Morphology,Normal,NR,1985,1,"Toppin,S.R.V. (1985). Factors and Mechanisms Affecting the Toxicity of Mercury to the Killifish, Fundulus heteroclitus. Ph.D.Thesis, Rutgers University, Newark, NJ, 135 p. ECOREF#:4250",,,
10099748,Lead nitrate,Mummichog,Growth,Abnormal,NR,1982,1,"Weis,P., and J.S. Weis (1982). Toxicity of Methylmercury, Mercuric Chloride, and Lead in Killifish (Fundulus heteroclitus) from Southampton, New York. Environ. Res., 28, (2), 364-374. doi:10.1016/0013-9351(82)90135-9. ECOREF#:15614",,,
10099748,Lead nitrate,Mummichog,Enzyme(s),Enzyme activity,NR,1973,1,"Jackim,E. (1973). Influence of Lead and Other Metals on Fish Delta-Aminolevulinate Dehydrase Activity. J. Fish. Res. Board Can., 30, (4), 560-562. doi:10.1139/f73-096. ECOREF#:8868",,,
10099748,Lead nitrate,Mummichog,Development,Deformation,NR,1977,1,"Weis,J.S., and P. Weis (1977). Effects of Heavy Metals on Development of the Killifish, Fundulus heterclitus. J. Fish Biol., 11, (1), 49-54. doi:10.1111/j.1095-8649.1977.tb04097.x. ECOREF#:45298",,,
10108642,Cadmium chloride,Mummichog,Physiology,Oxygen consumption,NR,1987,1,"Sauer,G.R. (1987). The Effect of Cadmium and Zinc on Calcium Uptake and Scale Regeneration in Fundulus heteroclitus. In: W.A.Vernberg, A.Calabrese, F.P.Thurberg, and F.J.Vernberg (Eds.), Pollution of Estuarine Organisms, Univ.of SC Press, Columbia, SC, 373-399. ECOREF#:4904",,,
10108642,Cadmium chloride,Mummichog,Mortality,Mortality,NR,1977,2,"Middaugh,D.P., and J.M. Dean (1977). Comparative Sensitivity of Eggs, Larvae and Adults of the Estuarine Teleost, Fundulus heteroclitus and Menidia menidia to Cadmium. Bull. Environ. Contam. Toxicol., 17, (6), 645-652. doi:10.1007/BF01685947. ECOREF#:8334",,,
10108642,Cadmium chloride,Mummichog,Mortality,Mortality,NR,1975,1,"Gardner,G.R. (1975). Chemically Induced Lesions in Estuarine or Marine Teleosts. In: W.E.Ribelin and G.Migaki (Eds.), Pathology of Fishes, Univ.of WI Press, Madison, WI, 657-693. ECOREF#:15562",,,
10108642,Cadmium chloride,Mummichog,Mortality,Mortality,LC50*,1992,3,"Gill,T.S., and A. Epple (1992). Impact of Cadmium on the Mummichog Fundulus heteroclitus and the Role of Calcium in Suppressing Heavy Metal Toxicity. Comp. Biochem. Physiol. C Comp. Pharmacol., 101, (3), 519-523. doi:10.1016/0742-8413(92)90080-Q. ECOREF#:6445",,,
10108642,Cadmium chloride,Mummichog,Mortality,Mortality,LC50*,1971,3,"Eisler,R. (1971). Cadmium Poisoning in Fundulus heteroclitus (Pisces:  Cyprinodontidae) and Other Marine Organisms. J. Fish. Res. Board Can., 28, (9), 1225-1234. doi:10.1139/f71-188. ECOREF#:9316",,,
10108642,Cadmium chloride,Mummichog,Mortality,Mortality,LC50,1990,1,"Burton,D.T., and D.J. Fisher (1990). Acute Toxicity of Cadmium, Copper, Zinc, Ammonia, 3,3'-Dichlorobenzidine, 2,6-Dichloro-4-Nitroaniline, Methylene Chloride, and 2,4,6-Trichlorophenol to Juvenile Grass Shrimp and Killifish. Bull. Environ. Contam. Toxicol., 44, (5), 776-783. doi:10.1007/BF01701802. ECOREF#:3163",,,
10108642,Cadmium chloride,Mummichog,Mortality,Mortality,LC50,1989,13,"Upjohn Co. (1989). Acute Toxicity of Selected Compounds in the Upjohn Company's North Haven Facility NPDES Discharge Serial #001 to Juvenile Grass & Shrimp Mummichogs (Final Report) w-Cover Letter. EPA/OTS Doc.#86-890000585, 56 p. ECOREF#:177340",,,
10108642,Cadmium chloride,Mummichog,Mortality,Mortality,LC50,1977,8,"Middaugh,D.P., and J.M. Dean (1977). Comparative Sensitivity of Eggs, Larvae and Adults of the Estuarine Teleost, Fundulus heteroclitus and Menidia menidia to Cadmium. Bull. Environ. Contam. Toxicol., 17, (6), 645-652. doi:10.1007/BF01685947. ECOREF#:8334",,,
10108642,Cadmium chloride,Mummichog,Mortality,Mortality,LC50,1977,8,"Dorfman,D. (1977). Tolerance of Fundulus heteroclitus to Different Metals in Salt Waters. Bull. N. J. Acad. Sci., 22, (2), 21-23. ECOREF#:3731",,,
10108642,Cadmium chloride,Mummichog,Mortality,Mortality,LC50,1977,3,"Eisler,R., and R.J. Hennekey (1977). Acute Toxicities of Cd2+, Cr+6, Hg2+, Ni2+ and Zn2+ to Estuarine Macrofauna. Arch. Environ. Contam. Toxicol., 6, (2-3), 315-323. doi:10.1007/BF02097772. ECOREF#:2253",,,
10108642,Cadmium chloride,Mummichog,Mortality,Mortality,LC50,1975,60,"Voyer,R.A. (1975). Effect of Dissolved Oxygen Concentration on the Acute Toxicity of Cadmium to the Mummichog, Fundulus heteroclitus (L.), at Various Salinities. Trans. Am. Fish. Soc., 104, (1), 129-134. doi:10.1577/1548-8659(1975)104<129:EODOCO>2.0.CO;2. ECOREF#:6172",,,
10108642,Cadmium chloride,Mummichog,Mortality,Mortality,LC50,1975,3,"Voyer,R.A., P.P. Yevich, and C.A. Barszcz (1975). Histological and Toxicological Responses of the Mummichog, Fundulus heteroclitus (L.) to Combinations of Levels of Cadmium and Dissolved Oxygen. Water Res., 9, 1069-1074. doi:10.1016/0043-1354(75)90103-7. ECOREF#:449",,,
10108642,Cadmium chloride,Mummichog,Mortality,Mortality,LC50,1970,1,"Jackim,E., J.M. Hamlin, and S. Sonis (1970). Effects of Metal Poisoning on Five Liver Enzymes in the Killifish (Fundulus heteroclitus). J. Fish. Res. Board Can., 27, (2), 383-390. doi:10.1139/f70-043. ECOREF#:9700",,,
10108642,Cadmium chloride,Mummichog,Histology,"Histological changes, general",NR,1987,1,"Sauer,G.R. (1987). The Effect of Cadmium and Zinc on Calcium Uptake and Scale Regeneration in Fundulus heteroclitus. In: W.A.Vernberg, A.Calabrese, F.P.Thurberg, and F.J.Vernberg (Eds.), Pollution of Estuarine Organisms, Univ.of SC Press, Columbia, SC, 373-399. ECOREF#:4904",,,
10108642,Cadmium chloride,Mummichog,Histology,"Histological changes, general",NR,1975,1,"Gardner,G.R. (1975). Chemically Induced Lesions in Estuarine or Marine Teleosts. In: W.E.Ribelin and G.Migaki (Eds.), Pathology of Fishes, Univ.of WI Press, Madison, WI, 657-693. ECOREF#:15562",,,
10108642,Cadmium chloride,Mummichog,Growth,Abnormal,NR,1981,1,"Weis,J.S., P. Weis, and J.L. Ricci (1981). Effects of Cadmium, Zinc, Salinity, and Temperature on the Teratogenicity of Methylmercury to the Killifish (Fundulus heteroclitus). Rapp. P. V. Reun. Comm. Int. Explor. Sci. Mer Mediterr. (Multiple Languages), 178, 64-70. ECOREF#:11419",,,
10108642,Cadmium chloride,Mummichog,Genetics,Metallothionein mRNA,NOEC,2009,2,"Roesijadi,G., S. Rezvankhah, A. Perez-Matus, A. Mitelberg, K. Torruellas, and P.A. Van Veld (2009). Dietary Cadmium and Benzo(a)pyrene Increased Intestinal Metallothionein Expression in the Fish Fundulus heteroclitus. Mar. Environ. Res., 67, (1), 25-30. doi:10.1016/j.marenvres.2008.10.002. ECOREF#:117420",,,
10108642,Cadmium chloride,Mummichog,Genetics,Metallothionein mRNA,LOEC,2009,4,"Roesijadi,G., S. Rezvankhah, A. Perez-Matus, A. Mitelberg, K. Torruellas, and P.A. Van Veld (2009). Dietary Cadmium and Benzo(a)pyrene Increased Intestinal Metallothionein Expression in the Fish Fundulus heteroclitus. Mar. Environ. Res., 67, (1), 25-30. doi:10.1016/j.marenvres.2008.10.002. ECOREF#:117420",,,
10108642,Cadmium chloride,Mummichog,Genetics,"Genetics, general",NR,1995,1,"Kaplan,L.A.E., K. Van Cleef, I. Wirgin, and J.F. Crivello (1995). A Comparison of RT-PCR and Northern Blot Analysis in Quantifying Metallothionein mRNA Levels in Killifish Exposed to Waterborne Cadmium. Mar. Environ. Res., 39, (1-4), 137-141. doi:10.1016/0141-1136(94)00045-Q. ECOREF#:16908",,,
10108642,Cadmium chloride,Mummichog,Enzyme(s),RNase,NR,1970,1,"Jackim,E., J.M. Hamlin, and S. Sonis (1970). Effects of Metal Poisoning on Five Liver Enzymes in the Killifish (Fundulus heteroclitus). J. Fish. Res. Board Can., 27, (2), 383-390. doi:10.1139/f70-043. ECOREF#:9700",,,
10108642,Cadmium chloride,Mummichog,Enzyme(s),Enzyme activity,NR,1980,1,"Pruell,R.J., and F.R. Engelhardt (1980). Liver Cadmium Uptake, Catalase Inhibition and Cadmium Thionein Production in the Killifish (Fundulus heteroclitus) Induced by Experimental. Mar. Environ. Res., 3, (2), 101-111. doi:10.1016/0141-1136(80)90019-7. ECOREF#:9880",,,
10108642,Cadmium chloride,Mummichog,Enzyme(s),Enzyme activity,NR,1973,1,"Jackim,E. (1973). Influence of Lead and Other Metals on Fish Delta-Aminolevulinate Dehydrase Activity. J. Fish. Res. Board Can., 30, (4), 560-562. doi:10.1139/f73-096. ECOREF#:8868",,,
10108642,Cadmium chloride,Mummichog,Enzyme(s),Enzyme activity,NR,1970,1,"Jackim,E., J.M. Hamlin, and S. Sonis (1970). Effects of Metal Poisoning on Five Liver Enzymes in the Killifish (Fundulus heteroclitus). J. Fish. Res. Board Can., 27, (2), 383-390. doi:10.1139/f70-043. ECOREF#:9700",,,
10108642,Cadmium chloride,Mummichog,Development,Deformation,NR,1977,1,"Weis,J.S., and P. Weis (1977). Effects of Heavy Metals on Development of the Killifish, Fundulus heterclitus. J. Fish Biol., 11, (1), 49-54. doi:10.1111/j.1095-8649.1977.tb04097.x. ECOREF#:45298",,,
10108642,Cadmium chloride,Mummichog,Biochemistry,General biochemical effect,NR,1987,2,"Sauer,G.R. (1987). The Effect of Cadmium and Zinc on Calcium Uptake and Scale Regeneration in Fundulus heteroclitus. In: W.A.Vernberg, A.Calabrese, F.P.Thurberg, and F.J.Vernberg (Eds.), Pollution of Estuarine Organisms, Univ.of SC Press, Columbia, SC, 373-399. ECOREF#:4904",,,
10108642,Cadmium chloride,Mummichog,Accumulation,Residue,BCF,1974,1,"Eisler,R. (1974). Radiocadmium Exchange with Seawater by Fundulus heteroclitus (L.) (Pisces: Cyprinodontidae). J. Fish Biol., 6, 601-612. doi:10.1111/j.1095-8649.1974.tb05103.x. ECOREF#:14337",,,
10108642,Cadmium chloride,Mummichog,Accumulation,"Accumulation, general",NR,1987,1,"Sauer,G.R. (1987). The Effect of Cadmium and Zinc on Calcium Uptake and Scale Regeneration in Fundulus heteroclitus. In: W.A.Vernberg, A.Calabrese, F.P.Thurberg, and F.J.Vernberg (Eds.), Pollution of Estuarine Organisms, Univ.of SC Press, Columbia, SC, 373-399. ECOREF#:4904",,,
10108642,Cadmium chloride,Mummichog,Accumulation,"Accumulation, general",NR,1980,1,"Pruell,R.J., and F.R. Engelhardt (1980). Liver Cadmium Uptake, Catalase Inhibition and Cadmium Thionein Production in the Killifish (Fundulus heteroclitus) Induced by Experimental. Mar. Environ. Res., 3, (2), 101-111. doi:10.1016/0141-1136(80)90019-7. ECOREF#:9880",,,
10108642,Cadmium chloride,Mummichog,Accumulation,"Accumulation, general",NR,1972,1,"Eisler,R., G.E. Zaroogian, and R.J. Hennekey (1972). Cadmium Uptake by Marine Organisms. J. Fish. Res. Board Can., 29, (9), 1367-1369. doi:10.1139/f72-212. ECOREF#:9100",,,
10112911,Mercurous chloride,Mummichog,Mortality,Mortality,LC50,1977,8,"Dorfman,D. (1977). Tolerance of Fundulus heteroclitus to Different Metals in Salt Waters. Bull. N. J. Acad. Sci., 22, (2), 21-23. ECOREF#:3731",,,
10124364,Cadmium sulfate (CdSO4),Mummichog,Mortality,Mortality,LC50,1993,1,"Lin,H.C., and W.A. Dunson (1993). The Effect of Salinity on the Acute Toxicity of Cadmium to the Tropical, Estuarine, Hermaphroditic Fish, Rivulus marmoratus:  A Comparison of Cd, Cu, and Zn Tolerance with Fundulus heteroclitus. Arch. Environ. Contam. Toxicol., 25, (1), 41-47. doi:10.1007/BF00230709. ECOREF#:6784",,,
10138042,Ferric ammonium sulfate,Mummichog,Mortality,Mortality,LC50,1977,4,"Dorfman,D. (1977). Tolerance of Fundulus heteroclitus to Different Metals in Salt Waters. Bull. N. J. Acad. Sci., 22, (2), 21-23. ECOREF#:3731",,,
10325947,Cadmium nitrate (Cd(NO3)2),Mummichog,Mortality,Mortality,NR-LETH,1915,1,"Thomas,A. (1915). Effects of Certain Metallic Salts upon Fishes. Trans. Am. Fish. Soc., 44, (2), 120-124. doi:10.1577/1548-8659(1914)44[120:EOCMSU]2.0.CO;2. ECOREF#:2865",,,
13464374,Sodium arsenite (unspecified),Mummichog,Mortality,Survival,NOEC,2017,4,"Szymkowicz,D.B., K.C. Sims, N.M. Castro, W.C. Bridges, and L.J. Bain (2017). Embryonic-Only Arsenic Exposure in Killifish (Fundulus heteroclitus) Reduces Growth and Alters Muscle IGF Levels One Year Later. Aquat. Toxicol., 186, 1-10. doi:10.1016/j.aquatox.2017.02.020. ECOREF#:191819",,,
13464374,Sodium arsenite (unspecified),Mummichog,Mortality,Mortality,LOEC,2007,4,"Shaw,J.R., B. Jackson, K. Gabor, S. Stanton, J.W. Hamilton, and B.A. Stanton (2007). The Influence of Exposure History on Arsenic Accumulation and Toxicity in the Killifish, Fundulus heteroclitus. Environ. Toxicol. Chem., 26, (12), 2704-2709. doi:10.1897/07-032.1. ECOREF#:109419",,,
13464374,Sodium arsenite (unspecified),Mummichog,Mortality,Mortality,LC90,2007,1,"Shaw,J.R., B. Jackson, K. Gabor, S. Stanton, J.W. Hamilton, and B.A. Stanton (2007). The Influence of Exposure History on Arsenic Accumulation and Toxicity in the Killifish, Fundulus heteroclitus. Environ. Toxicol. Chem., 26, (12), 2704-2709. doi:10.1897/07-032.1. ECOREF#:109419",,,
13464374,Sodium arsenite (unspecified),Mummichog,Mortality,Mortality,LC50,2007,1,"Shaw,J.R., B. Jackson, K. Gabor, S. Stanton, J.W. Hamilton, and B.A. Stanton (2007). The Influence of Exposure History on Arsenic Accumulation and Toxicity in the Killifish, Fundulus heteroclitus. Environ. Toxicol. Chem., 26, (12), 2704-2709. doi:10.1897/07-032.1. ECOREF#:109419",,,
13464374,Sodium arsenite (unspecified),Mummichog,Mortality,Mortality,LC10,2007,1,"Shaw,J.R., B. Jackson, K. Gabor, S. Stanton, J.W. Hamilton, and B.A. Stanton (2007). The Influence of Exposure History on Arsenic Accumulation and Toxicity in the Killifish, Fundulus heteroclitus. Environ. Toxicol. Chem., 26, (12), 2704-2709. doi:10.1897/07-032.1. ECOREF#:109419",,,
13464374,Sodium arsenite (unspecified),Mummichog,Mortality,Hatch,NOEC,2017,1,"Szymkowicz,D.B., K.C. Sims, N.M. Castro, W.C. Bridges, and L.J. Bain (2017). Embryonic-Only Arsenic Exposure in Killifish (Fundulus heteroclitus) Reduces Growth and Alters Muscle IGF Levels One Year Later. Aquat. Toxicol., 186, 1-10. doi:10.1016/j.aquatox.2017.02.020. ECOREF#:191819",,,
13464374,Sodium arsenite (unspecified),Mummichog,Growth,Density,NOEC,2017,12,"Szymkowicz,D.B., K.C. Sims, N.M. Castro, W.C. Bridges, and L.J. Bain (2017). Embryonic-Only Arsenic Exposure in Killifish (Fundulus heteroclitus) Reduces Growth and Alters Muscle IGF Levels One Year Later. Aquat. Toxicol., 186, 1-10. doi:10.1016/j.aquatox.2017.02.020. ECOREF#:191819",,,
13464374,Sodium arsenite (unspecified),Mummichog,Growth,Density,LOEC,2017,3,"Szymkowicz,D.B., K.C. Sims, N.M. Castro, W.C. Bridges, and L.J. Bain (2017). Embryonic-Only Arsenic Exposure in Killifish (Fundulus heteroclitus) Reduces Growth and Alters Muscle IGF Levels One Year Later. Aquat. Toxicol., 186, 1-10. doi:10.1016/j.aquatox.2017.02.020. ECOREF#:191819",,,
13464374,Sodium arsenite (unspecified),Mummichog,Growth,Condition index,NOEC,2017,9,"Szymkowicz,D.B., K.C. Sims, N.M. Castro, W.C. Bridges, and L.J. Bain (2017). Embryonic-Only Arsenic Exposure in Killifish (Fundulus heteroclitus) Reduces Growth and Alters Muscle IGF Levels One Year Later. Aquat. Toxicol., 186, 1-10. doi:10.1016/j.aquatox.2017.02.020. ECOREF#:191819",,,
13464374,Sodium arsenite (unspecified),Mummichog,Growth,Condition index,LOEC,2017,7,"Szymkowicz,D.B., K.C. Sims, N.M. Castro, W.C. Bridges, and L.J. Bain (2017). Embryonic-Only Arsenic Exposure in Killifish (Fundulus heteroclitus) Reduces Growth and Alters Muscle IGF Levels One Year Later. Aquat. Toxicol., 186, 1-10. doi:10.1016/j.aquatox.2017.02.020. ECOREF#:191819",,,
13464374,Sodium arsenite (unspecified),Mummichog,Genetics,Insulin-like growth factor 1 receptor mRNA,NR,2017,2,"Szymkowicz,D.B., K.C. Sims, N.M. Castro, W.C. Bridges, and L.J. Bain (2017). Embryonic-Only Arsenic Exposure in Killifish (Fundulus heteroclitus) Reduces Growth and Alters Muscle IGF Levels One Year Later. Aquat. Toxicol., 186, 1-10. doi:10.1016/j.aquatox.2017.02.020. ECOREF#:191819",,,
13464374,Sodium arsenite (unspecified),Mummichog,Genetics,Insulin-like growth factor 1 receptor mRNA,NOEC,2017,10,"Szymkowicz,D.B., K.C. Sims, N.M. Castro, W.C. Bridges, and L.J. Bain (2017). Embryonic-Only Arsenic Exposure in Killifish (Fundulus heteroclitus) Reduces Growth and Alters Muscle IGF Levels One Year Later. Aquat. Toxicol., 186, 1-10. doi:10.1016/j.aquatox.2017.02.020. ECOREF#:191819",,,
13464374,Sodium arsenite (unspecified),Mummichog,Genetics,Insulin-like growth factor 1 receptor mRNA,LOEC,2017,7,"Szymkowicz,D.B., K.C. Sims, N.M. Castro, W.C. Bridges, and L.J. Bain (2017). Embryonic-Only Arsenic Exposure in Killifish (Fundulus heteroclitus) Reduces Growth and Alters Muscle IGF Levels One Year Later. Aquat. Toxicol., 186, 1-10. doi:10.1016/j.aquatox.2017.02.020. ECOREF#:191819",,,
13464374,Sodium arsenite (unspecified),Mummichog,Genetics,Insulin-like growth factor 1 mRNA,NR,2017,3,"Szymkowicz,D.B., K.C. Sims, N.M. Castro, W.C. Bridges, and L.J. Bain (2017). Embryonic-Only Arsenic Exposure in Killifish (Fundulus heteroclitus) Reduces Growth and Alters Muscle IGF Levels One Year Later. Aquat. Toxicol., 186, 1-10. doi:10.1016/j.aquatox.2017.02.020. ECOREF#:191819",,,
13464374,Sodium arsenite (unspecified),Mummichog,Genetics,Insulin-like growth factor 1 mRNA,NOEC,2017,9,"Szymkowicz,D.B., K.C. Sims, N.M. Castro, W.C. Bridges, and L.J. Bain (2017). Embryonic-Only Arsenic Exposure in Killifish (Fundulus heteroclitus) Reduces Growth and Alters Muscle IGF Levels One Year Later. Aquat. Toxicol., 186, 1-10. doi:10.1016/j.aquatox.2017.02.020. ECOREF#:191819",,,
13464374,Sodium arsenite (unspecified),Mummichog,Genetics,Insulin-like growth factor 1 mRNA,LOEC,2017,7,"Szymkowicz,D.B., K.C. Sims, N.M. Castro, W.C. Bridges, and L.J. Bain (2017). Embryonic-Only Arsenic Exposure in Killifish (Fundulus heteroclitus) Reduces Growth and Alters Muscle IGF Levels One Year Later. Aquat. Toxicol., 186, 1-10. doi:10.1016/j.aquatox.2017.02.020. ECOREF#:191819",,,
13464374,Sodium arsenite (unspecified),Mummichog,Genetics,ABC transporter B family member 2 mRNA,NOEC,2007,1,"Shaw,J.R., B. Jackson, K. Gabor, S. Stanton, J.W. Hamilton, and B.A. Stanton (2007). The Influence of Exposure History on Arsenic Accumulation and Toxicity in the Killifish, Fundulus heteroclitus. Environ. Toxicol. Chem., 26, (12), 2704-2709. doi:10.1897/07-032.1. ECOREF#:109419",,,
13464374,Sodium arsenite (unspecified),Mummichog,Genetics,ABC transporter B family member 2 mRNA,LOEC,2007,1,"Shaw,J.R., B. Jackson, K. Gabor, S. Stanton, J.W. Hamilton, and B.A. Stanton (2007). The Influence of Exposure History on Arsenic Accumulation and Toxicity in the Killifish, Fundulus heteroclitus. Environ. Toxicol. Chem., 26, (12), 2704-2709. doi:10.1897/07-032.1. ECOREF#:109419",,,
13464374,Sodium arsenite (unspecified),Mummichog,Feeding behavior,"Feeding behavior, general",NR,2017,3,"Szymkowicz,D.B., K.C. Sims, N.M. Castro, W.C. Bridges, and L.J. Bain (2017). Embryonic-Only Arsenic Exposure in Killifish (Fundulus heteroclitus) Reduces Growth and Alters Muscle IGF Levels One Year Later. Aquat. Toxicol., 186, 1-10. doi:10.1016/j.aquatox.2017.02.020. ECOREF#:191819",,,
13464374,Sodium arsenite (unspecified),Mummichog,Feeding behavior,"Feeding behavior, general",NOEC,2017,9,"Szymkowicz,D.B., K.C. Sims, N.M. Castro, W.C. Bridges, and L.J. Bain (2017). Embryonic-Only Arsenic Exposure in Killifish (Fundulus heteroclitus) Reduces Growth and Alters Muscle IGF Levels One Year Later. Aquat. Toxicol., 186, 1-10. doi:10.1016/j.aquatox.2017.02.020. ECOREF#:191819",,,
13464374,Sodium arsenite (unspecified),Mummichog,Feeding behavior,"Feeding behavior, general",LOEC,2017,3,"Szymkowicz,D.B., K.C. Sims, N.M. Castro, W.C. Bridges, and L.J. Bain (2017). Embryonic-Only Arsenic Exposure in Killifish (Fundulus heteroclitus) Reduces Growth and Alters Muscle IGF Levels One Year Later. Aquat. Toxicol., 186, 1-10. doi:10.1016/j.aquatox.2017.02.020. ECOREF#:191819",,,
13464374,Sodium arsenite (unspecified),Mummichog,Accumulation,Residue,NR,2007,1,"Shaw,J.R., B. Jackson, K. Gabor, S. Stanton, J.W. Hamilton, and B.A. Stanton (2007). The Influence of Exposure History on Arsenic Accumulation and Toxicity in the Killifish, Fundulus heteroclitus. Environ. Toxicol. Chem., 26, (12), 2704-2709. doi:10.1897/07-032.1. ECOREF#:109419",,,
22967926,Methylmercury,Mummichog,Reproduction,"Reproduction, general",NR,1987,3,"Khan,A.T., and J.S. Weis (1987). Effects of Methylmercury on Sperm and Egg Viability of Two Populations of Killifish (Fundulus heteroclitus). Arch. Environ. Contam. Toxicol., 16, (4), 499-505. doi:10.1007/BF01055273. ECOREF#:12573",,,
22967926,Methylmercury,Mummichog,Mortality,Mortality,NR,1987,1,"Weis,J.S., M. Renna, and S. Vaidya (1987). Mercury Tolerance in Killifish: A Stage-Specific Phenomenon. In: J.M.Capuzzo and D.R.Kester (Eds.), Oceanic Processes Marine Pollution, Biol.Processes and Wastes in the Ocean, Robert E.Krieger Publ.Co., Malabar, FL, 1, 31-36. ECOREF#:4602",,,
22967926,Methylmercury,Mummichog,Mortality,Mortality,LT50,1987,1,"Khan,A.T. (1987). Effects of Mercury on Fertilization Success of Sperm and Eggs of Two Populations of Killifish, Fundulus heteroclitus. Ph.D.Thesis, Rutgers, The State University of New Jersey, New Brunswick, NJ, 131 p. ECOREF#:17328",,,
22967926,Methylmercury,Mummichog,Mortality,Mortality,LT50,1987,2,"Weis,J.S., M. Renna, and S. Vaidya (1987). Mercury Tolerance in Killifish: A Stage-Specific Phenomenon. In: J.M.Capuzzo and D.R.Kester (Eds.), Oceanic Processes Marine Pollution, Biol.Processes and Wastes in the Ocean, Robert E.Krieger Publ.Co., Malabar, FL, 1, 31-36. ECOREF#:4602",,,
22967926,Methylmercury,Mummichog,Mortality,Mortality,LT50,1985,1,"Weis,J.S., P. Weis, M. Renna, and S. Vaidya (1985). Search for a Physiological Component of Methylmercury Tolerance in the Mummichog, Fundulus heteroclitus. In: F.J.Vernberg, F.Thurberg, A.Calabrese, and W.B.Vernberg (Eds.), Marine Pollution and Physiology: Recent Advances, Univ.South Carolina Press, Columbia,SC, 309-326. ECOREF#:11418",,,
22967926,Methylmercury,Mummichog,Mortality,Mortality,LT50,1985,1,"Toppin,S.R.V. (1985). Factors and Mechanisms Affecting the Toxicity of Mercury to the Killifish, Fundulus heteroclitus. Ph.D.Thesis, Rutgers University, Newark, NJ, 135 p. ECOREF#:4250",,,
22967926,Methylmercury,Mummichog,Mortality,Mortality,LT50,1984,2,"Weis,J.S., and P. Weis (1984). A Rapid Change in Methylmercury Tolerance in a Population of Killifish, Fundulus heteroclitus, from a Golf Course Pond. Mar. Environ. Res., 13, (3), 231-245. doi:10.1016/0141-1136(84)90031-X. ECOREF#:10627",,,
22967926,Methylmercury,Mummichog,Mortality,Hatch,NR,1997,2,"Zhou,T. (1997). Behavioral Development and Neurobehavioral Effects of Methylmercury on Larval Mummichogs, Fundulus heteroclitus from Polluted and Reference Environments. Ph.D.Thesis, Rutgers, The State University of New Jersey, New Brunswick, NJ, 249 p. ECOREF#:172112",,,
22967926,Methylmercury,Mummichog,Morphology,Normal,NR,1985,1,"Toppin,S.V., M. Heber, J.S. Weis, and P. Weis (1985). Changes in Reproductive Biology and Life History of Fundulus heteroclitus in a Polluted Environment. In: W.B.Vernberg, A.Calabrese, F.P.Thurberg, and F.J.Vernberg (Eds.), Pollution Physiology of Estuarine Organisms, University of South Carolina Press, Columbia, SC, 171-184. ECOREF#:172482",,,
22967926,Methylmercury,Mummichog,Hormone(s),Serotonin,NOEC,1997,4,"Zhou,T. (1997). Behavioral Development and Neurobehavioral Effects of Methylmercury on Larval Mummichogs, Fundulus heteroclitus from Polluted and Reference Environments. Ph.D.Thesis, Rutgers, The State University of New Jersey, New Brunswick, NJ, 249 p. ECOREF#:172112",,,
22967926,Methylmercury,Mummichog,Hormone(s),Serotonin,LOEC,1997,2,"Zhou,T. (1997). Behavioral Development and Neurobehavioral Effects of Methylmercury on Larval Mummichogs, Fundulus heteroclitus from Polluted and Reference Environments. Ph.D.Thesis, Rutgers, The State University of New Jersey, New Brunswick, NJ, 249 p. ECOREF#:172112",,,
22967926,Methylmercury,Mummichog,Hormone(s),Dopamine,NR,1997,3,"Zhou,T. (1997). Behavioral Development and Neurobehavioral Effects of Methylmercury on Larval Mummichogs, Fundulus heteroclitus from Polluted and Reference Environments. Ph.D.Thesis, Rutgers, The State University of New Jersey, New Brunswick, NJ, 249 p. ECOREF#:172112",,,
22967926,Methylmercury,Mummichog,Hormone(s),Dopamine,NOEC,1997,2,"Zhou,T. (1997). Behavioral Development and Neurobehavioral Effects of Methylmercury on Larval Mummichogs, Fundulus heteroclitus from Polluted and Reference Environments. Ph.D.Thesis, Rutgers, The State University of New Jersey, New Brunswick, NJ, 249 p. ECOREF#:172112",,,
22967926,Methylmercury,Mummichog,Hormone(s),Dopamine,LOEC,1997,1,"Zhou,T. (1997). Behavioral Development and Neurobehavioral Effects of Methylmercury on Larval Mummichogs, Fundulus heteroclitus from Polluted and Reference Environments. Ph.D.Thesis, Rutgers, The State University of New Jersey, New Brunswick, NJ, 249 p. ECOREF#:172112",,,
22967926,Methylmercury,Mummichog,Growth,Limb/ body part regeneration,NR,1987,2,"Weis,J.S., M. Renna, and S. Vaidya (1987). Mercury Tolerance in Killifish: A Stage-Specific Phenomenon. In: J.M.Capuzzo and D.R.Kester (Eds.), Oceanic Processes Marine Pollution, Biol.Processes and Wastes in the Ocean, Robert E.Krieger Publ.Co., Malabar, FL, 1, 31-36. ECOREF#:4602",,,
22967926,Methylmercury,Mummichog,Growth,Limb/ body part regeneration,NR,1985,1,"Weis,J.S., P. Weis, M. Renna, and S. Vaidya (1985). Search for a Physiological Component of Methylmercury Tolerance in the Mummichog, Fundulus heteroclitus. In: F.J.Vernberg, F.Thurberg, A.Calabrese, and W.B.Vernberg (Eds.), Marine Pollution and Physiology: Recent Advances, Univ.South Carolina Press, Columbia,SC, 309-326. ECOREF#:11418",,,
22967926,Methylmercury,Mummichog,Growth,Length,NR,1997,2,"Zhou,T. (1997). Behavioral Development and Neurobehavioral Effects of Methylmercury on Larval Mummichogs, Fundulus heteroclitus from Polluted and Reference Environments. Ph.D.Thesis, Rutgers, The State University of New Jersey, New Brunswick, NJ, 249 p. ECOREF#:172112",,,
22967926,Methylmercury,Mummichog,Growth,Length,NOEC,1997,26,"Zhou,T. (1997). Behavioral Development and Neurobehavioral Effects of Methylmercury on Larval Mummichogs, Fundulus heteroclitus from Polluted and Reference Environments. Ph.D.Thesis, Rutgers, The State University of New Jersey, New Brunswick, NJ, 249 p. ECOREF#:172112",,,
22967926,Methylmercury,Mummichog,Growth,Length,LOEC,1997,9,"Zhou,T. (1997). Behavioral Development and Neurobehavioral Effects of Methylmercury on Larval Mummichogs, Fundulus heteroclitus from Polluted and Reference Environments. Ph.D.Thesis, Rutgers, The State University of New Jersey, New Brunswick, NJ, 249 p. ECOREF#:172112",,,
22967926,Methylmercury,Mummichog,Growth,Abnormal,NR,1985,1,"Weis,J.S., P. Weis, M. Renna, and S. Vaidya (1985). Search for a Physiological Component of Methylmercury Tolerance in the Mummichog, Fundulus heteroclitus. In: F.J.Vernberg, F.Thurberg, A.Calabrese, and W.B.Vernberg (Eds.), Marine Pollution and Physiology: Recent Advances, Univ.South Carolina Press, Columbia,SC, 309-326. ECOREF#:11418",,,
22967926,Methylmercury,Mummichog,Growth,Abnormal,NR,1982,1,"Weis,J., P. Weis, and M. Heber (1982). Variation in Response to Methylmercury by Killifish (Fundulus heteroclitus) Embryos. ASTM Spec. Tech. Publ., 109-119. ECOREF#:11416",,,
22967926,Methylmercury,Mummichog,Genetics,"Genetics, general",NR,1988,1,"Perry,D.M., J.S. Weis, and P. Weis (1988). Cytogenetic Effects of Methylmercury in Embryos of the Killifish, Fundulus heteroclitus. Arch. Environ. Contam. Toxicol., 17, (5), 569-574. doi:10.1007/BF01055824. ECOREF#:15247",,,
22967926,Methylmercury,Mummichog,Feeding behavior,Strikes (number of times food source was hit),NR,1997,10,"Zhou,T. (1997). Behavioral Development and Neurobehavioral Effects of Methylmercury on Larval Mummichogs, Fundulus heteroclitus from Polluted and Reference Environments. Ph.D.Thesis, Rutgers, The State University of New Jersey, New Brunswick, NJ, 249 p. ECOREF#:172112",,,
22967926,Methylmercury,Mummichog,Feeding behavior,Strikes (number of times food source was hit),NOEC,1997,48,"Zhou,T. (1997). Behavioral Development and Neurobehavioral Effects of Methylmercury on Larval Mummichogs, Fundulus heteroclitus from Polluted and Reference Environments. Ph.D.Thesis, Rutgers, The State University of New Jersey, New Brunswick, NJ, 249 p. ECOREF#:172112",,,
22967926,Methylmercury,Mummichog,Feeding behavior,Strikes (number of times food source was hit),LOEC,1997,7,"Zhou,T. (1997). Behavioral Development and Neurobehavioral Effects of Methylmercury on Larval Mummichogs, Fundulus heteroclitus from Polluted and Reference Environments. Ph.D.Thesis, Rutgers, The State University of New Jersey, New Brunswick, NJ, 249 p. ECOREF#:172112",,,
22967926,Methylmercury,Mummichog,Feeding behavior,Predatory  behavior,NR,1997,4,"Zhou,T. (1997). Behavioral Development and Neurobehavioral Effects of Methylmercury on Larval Mummichogs, Fundulus heteroclitus from Polluted and Reference Environments. Ph.D.Thesis, Rutgers, The State University of New Jersey, New Brunswick, NJ, 249 p. ECOREF#:172112",,,
22967926,Methylmercury,Mummichog,Feeding behavior,Predatory  behavior,NR,1990,3,"Weis,J.S., and A.A. Khan (1990). Effects of Mercury on the Feeding Behavior of the Mummichog, Fundulus heteroclitus from a Polluted Habitat. Mar. Environ. Res., 30, (4), 243-249. doi:10.1016/0141-1136(90)90001-5. ECOREF#:7644",,,
22967926,Methylmercury,Mummichog,Feeding behavior,Predatory  behavior,NOEC,1997,25,"Zhou,T. (1997). Behavioral Development and Neurobehavioral Effects of Methylmercury on Larval Mummichogs, Fundulus heteroclitus from Polluted and Reference Environments. Ph.D.Thesis, Rutgers, The State University of New Jersey, New Brunswick, NJ, 249 p. ECOREF#:172112",,,
22967926,Methylmercury,Mummichog,Feeding behavior,Predatory  behavior,LOEC,1997,2,"Zhou,T. (1997). Behavioral Development and Neurobehavioral Effects of Methylmercury on Larval Mummichogs, Fundulus heteroclitus from Polluted and Reference Environments. Ph.D.Thesis, Rutgers, The State University of New Jersey, New Brunswick, NJ, 249 p. ECOREF#:172112",,,
22967926,Methylmercury,Mummichog,Feeding behavior,Food consumption,NR,1997,1,"Zhou,T. (1997). Behavioral Development and Neurobehavioral Effects of Methylmercury on Larval Mummichogs, Fundulus heteroclitus from Polluted and Reference Environments. Ph.D.Thesis, Rutgers, The State University of New Jersey, New Brunswick, NJ, 249 p. ECOREF#:172112",,,
22967926,Methylmercury,Mummichog,Feeding behavior,Food consumption,NOEC,1997,27,"Zhou,T. (1997). Behavioral Development and Neurobehavioral Effects of Methylmercury on Larval Mummichogs, Fundulus heteroclitus from Polluted and Reference Environments. Ph.D.Thesis, Rutgers, The State University of New Jersey, New Brunswick, NJ, 249 p. ECOREF#:172112",,,
22967926,Methylmercury,Mummichog,Feeding behavior,Food consumption,LOEC,1997,7,"Zhou,T. (1997). Behavioral Development and Neurobehavioral Effects of Methylmercury on Larval Mummichogs, Fundulus heteroclitus from Polluted and Reference Environments. Ph.D.Thesis, Rutgers, The State University of New Jersey, New Brunswick, NJ, 249 p. ECOREF#:172112",,,
22967926,Methylmercury,Mummichog,Development,"Developmental changes, general",NR,1981,1,"Weis,J.S., P. Weis, M. Heber, and S. Vaidya (1981). Methylmercury Tolerance of Killifish (Fundulus heteroclitus) Embryos from a Polluted vs Non-Polluted Environment. Mar. Biol. (Multiple Languages), 65, (3), 283-287. doi:10.1007/BF00397123. ECOREF#:4845",,,
22967926,Methylmercury,Mummichog,Biochemistry,Multiple measurement terms entered,NR,1997,3,"Zhou,T. (1997). Behavioral Development and Neurobehavioral Effects of Methylmercury on Larval Mummichogs, Fundulus heteroclitus from Polluted and Reference Environments. Ph.D.Thesis, Rutgers, The State University of New Jersey, New Brunswick, NJ, 249 p. ECOREF#:172112",,,
22967926,Methylmercury,Mummichog,Biochemistry,Homovanillic acid,NOEC,1997,2,"Zhou,T. (1997). Behavioral Development and Neurobehavioral Effects of Methylmercury on Larval Mummichogs, Fundulus heteroclitus from Polluted and Reference Environments. Ph.D.Thesis, Rutgers, The State University of New Jersey, New Brunswick, NJ, 249 p. ECOREF#:172112",,,
22967926,Methylmercury,Mummichog,Biochemistry,5-Hydroxyindole acetic acid,NOEC,1997,2,"Zhou,T. (1997). Behavioral Development and Neurobehavioral Effects of Methylmercury on Larval Mummichogs, Fundulus heteroclitus from Polluted and Reference Environments. Ph.D.Thesis, Rutgers, The State University of New Jersey, New Brunswick, NJ, 249 p. ECOREF#:172112",,,
22967926,Methylmercury,Mummichog,Biochemistry,"3,4-Dihydroxyphenylacetic acid",NR,1997,1,"Zhou,T. (1997). Behavioral Development and Neurobehavioral Effects of Methylmercury on Larval Mummichogs, Fundulus heteroclitus from Polluted and Reference Environments. Ph.D.Thesis, Rutgers, The State University of New Jersey, New Brunswick, NJ, 249 p. ECOREF#:172112",,,
22967926,Methylmercury,Mummichog,Biochemistry,"3,4-Dihydroxyphenylacetic acid",NOEC,1997,1,"Zhou,T. (1997). Behavioral Development and Neurobehavioral Effects of Methylmercury on Larval Mummichogs, Fundulus heteroclitus from Polluted and Reference Environments. Ph.D.Thesis, Rutgers, The State University of New Jersey, New Brunswick, NJ, 249 p. ECOREF#:172112",,,
22967926,Methylmercury,Mummichog,Biochemistry,"3,4-Dihydroxyphenylacetic acid",LOEC,1997,1,"Zhou,T. (1997). Behavioral Development and Neurobehavioral Effects of Methylmercury on Larval Mummichogs, Fundulus heteroclitus from Polluted and Reference Environments. Ph.D.Thesis, Rutgers, The State University of New Jersey, New Brunswick, NJ, 249 p. ECOREF#:172112",,,
22967926,Methylmercury,Mummichog,Accumulation,Residue,BCF,1998,14,"Zhou,T., P. Weis, and J.S. Weis (1998). Mercury Burden in Two Populations of Fundulus heteroclitus After Sublethal Methylmercury Exposure. Aquat. Toxicol., 42, (1), 37-47. doi:10.1016/S0166-445X(97)00101-X. ECOREF#:19151",,,
37211055,Nickel chloride (Unspecified),Mummichog,Mortality,Survival,NR,1915,1,"Thomas,A. (1915). Effects of Certain Metallic Salts upon Fishes. Trans. Am. Fish. Soc., 44, (2), 120-124. doi:10.1577/1548-8659(1914)44[120:EOCMSU]2.0.CO;2. ECOREF#:2865",,,
37211055,Nickel chloride (Unspecified),Mummichog,Mortality,Mortality,NR-LETH,1915,1,"Thomas,A. (1915). Effects of Certain Metallic Salts upon Fishes. Trans. Am. Fish. Soc., 44, (2), 120-124. doi:10.1577/1548-8659(1914)44[120:EOCMSU]2.0.CO;2. ECOREF#:2865",,,
37211055,Nickel chloride (Unspecified),Mummichog,Mortality,Mortality,LC50,1977,8,"Dorfman,D. (1977). Tolerance of Fundulus heteroclitus to Different Metals in Salt Waters. Bull. N. J. Acad. Sci., 22, (2), 21-23. ECOREF#:3731",,,
37211055,Nickel chloride (Unspecified),Mummichog,Accumulation,Residue,NR,1915,1,"Thomas,A. (1915). Effects of Certain Metallic Salts upon Fishes. Trans. Am. Fish. Soc., 44, (2), 120-124. doi:10.1577/1548-8659(1914)44[120:EOCMSU]2.0.CO;2. ECOREF#:2865",,,
